#
# A fatal error has been detected by the Java Runtime Environment:
#
#  SIGSEGV (0xb) at pc=0x000000018ed9aeb8, pid=84319, tid=93619
#
# JRE version: Java(TM) SE Runtime Environment (25.0+37) (build 25+37-LTS-3491)
# Java VM: Java HotSpot(TM) 64-Bit Server VM (25+37-LTS-3491, mixed mode, sharing, tiered, compressed oops, compressed class ptrs, g1 gc, bsd-aarch64)
# Problematic frame:
# C  [CoreVideo+0x2eb8]  CVXTime::translateTime(CVTimeStamp const*, CVTimeStamp*) const+0x2c
#
# No core dump will be written. Core dumps have been disabled. To enable core dumping, try "ulimit -c unlimited" before starting Java again
#
# If you would like to submit a bug report, please visit:
#   https://bugreport.java.com/bugreport/crash.jsp
#

---------------  S U M M A R Y ------------

Command Line: -javaagent:/Applications/IntelliJ IDEA.app/Contents/lib/idea_rt.jar=52032 -Dfile.encoding=UTF-8 -Dsun.stdout.encoding=UTF-8 -Dsun.stderr.encoding=UTF-8 main.Main

Host: "Mac14,2" arm64, 8 cores, 8G, Darwin 24.5.0, macOS 15.5 (24F74)
Time: Tue Apr  7 17:22:40 2026 PST elapsed time: 685.631493 seconds (0d 0h 11m 25s)

---------------  T H R E A D  ---------------

Current thread is native thread

Stack: [0x000000033838c000,0x000000033840f000],  sp=0x000000033840ec00,  free space=523k
Native frames: (J=compiled Java code, j=interpreted, Vv=VM code, C=native code)
C  [CoreVideo+0x2eb8]  CVXTime::translateTime(CVTimeStamp const*, CVTimeStamp*) const+0x2c
C  [CoreVideo+0x2c40]  CVDisplayLink::calculateNextWakeUpTime(CVTimeStamp*, CVTimeStamp*, bool)+0xdc
C  [CoreVideo+0x2284]  CVDisplayLink::runIOThread()+0x19c
C  [libsystem_pthread.dylib+0x6c0c]  _pthread_start+0x88

siginfo: si_signo: 11 (SIGSEGV), si_code: 2 (SEGV_ACCERR), si_addr: 0x0000077460599178

Registers:
 x0=0x00006000013e8fc0  x1=0x000000033840ed00  x2=0x000000033840ee20  x3=0x0000000000000000
 x4=0x0066a6010066a600  x5=0x0066a5000066a600  x6=0x0000000000000000  x7=0x0000000000df1178
 x8=0x0000077460598fc0  x9=0x0000000000061a70 x10=0x000003c1d907f690 x11=0x0000000000061a70
x12=0x0000000000000100 x13=0x000000000066a600 x14=0x000000000066a500 x15=0x0000000000000000
x16=0x00000001f520cd00 x17=0x67900001f520cd00 x18=0x0000000000000000 x19=0x00006000013e8fc0
x20=0x000000033840ee20 x21=0x000000033840ed00 x22=0x00000001f11168b4 x23=0x0000000000000001
x24=0x000003c1d914de1b x25=0x0000000000000000 x26=0x000000012f1d4618 x27=0x00000001f11168d0
x28=0x0000000000000000  fp=0x000000033840ec70  lr=0x000000018ed9ac40  sp=0x000000033840ec00
pc=0x000000018ed9aeb8 cpsr=0x0000000080001000

Top of Stack: (sp=0x000000033840ec00)
0x000000033840ec00:   00000001f1116198 000000018edb2e08   .a..............
0x000000033840ec10:   0000000000061a70 0000000000000004   p...............
0x000000033840ec20:   000000018ed9ac70 000000018ede3ff9   p........?......
0x000000033840ec30:   000000033840ec70 000000018edb2d4c   p.@8....L-......
0x000000033840ec40:   000003c1d914de1b 0000000000000001   ................
0x000000033840ec50:   00000001f11168b4 0000000000000000   .h..............
0x000000033840ec60:   000000012f1d4420 000000033840ee20    D./.... .@8....
0x000000033840ec70:   000000033840ee10 000000018ed9ac40   ..@8....@.......
0x000000033840ec80:   000000012f1d4420 0000000000000000    D./............
0x000000033840ec90:   000003c1d911a302 000003c1d90f55a7   .........U......
0x000000033840eca0:   0000000000024d5b 0000000000061a70   [M......p.......
0x000000033840ecb0:   00000001f11168b4 000000011e2902c0   .h........).....
0x000000033840ecc0:   0000000000000001 0000600003af24b0   .........$...`..
0x000000033840ecd0:   000000000000003c 0000000000000001   <...............
0x000000033840ece0:   000000012f1d4438 0000000000000000   8D./............
0x000000033840ecf0:   000000033840ed10 000000018540149c   ..@8......@.....
0x000000033840ed00:   016e360000000000 000003c1d9142b70   .....6n.p+......
0x000000033840ed10:   000003c1d9097cf1 3ff0000000000000   .|.............?
0x000000033840ed20:   0000000000061a70 0000000000000000   p...............
0x000000033840ed30:   0000000000000000 0000000000000000   ................
0x000000033840ed40:   0000000000000001 0000000000000000   ................
0x000000033840ed50:   0000000000000000 0000000000000000   ................
0x000000033840ed60:   0000000000000000 0000000000000000   ................
0x000000033840ed70:   0000000000000000 0000000000000002   ................
0x000000033840ed80:   0000000000000000 0000000000000003   ................
0x000000033840ed90:   0000000000000000 0000000000000000   ................
0x000000033840eda0:   00009c8cffb35970 000000012f1d4420   pY...... D./....
0x000000033840edb0:   0000000000000000 0000000000000000   ................
0x000000033840edc0:   0000000000000000 000003c1d914b03a   ........:.......
0x000000033840edd0:   00000001f11168d0 000000033840ee7c   .h......|.@8....
0x000000033840ede0:   00000001f11168b8 0000000000000003   .h..............
0x000000033840edf0:   00000001f11168b4 00000001f11168c5   .h.......h......

Instructions: (pc=0x000000018ed9aeb8)
  0x000000018ed9adb8:   80 1e 41 f9 a1 fd ff 97 80 1e 41 f9 b3 fd ff 97
  0x000000018ed9adc8:   90 02 40 f9 f1 03 14 aa d1 59 e8 f2 30 1a c1 da
  0x000000018ed9add8:   08 8e 48 f8 e9 03 10 aa 81 82 07 91 e0 03 14 aa
  0x000000018ed9ade8:   f1 03 09 aa d1 df f5 f2 11 09 3f d7 9f 1a 01 f9
  0x000000018ed9adf8:   90 02 40 f9 f1 03 14 aa d1 59 e8 f2 30 1a c1 da
  0x000000018ed9ae08:   08 8e 48 f8 e9 03 10 aa e0 03 14 aa e1 03 13 aa
  0x000000018ed9ae18:   f1 03 09 aa d1 df f5 f2 11 09 3f d7 fd 7b 59 a9
  0x000000018ed9ae28:   f4 4f 58 a9 f6 57 57 a9 f8 5f 56 a9 fa 67 55 a9
  0x000000018ed9ae38:   fc 6f 54 a9 e9 23 53 6d ff 83 06 91 ff 0f 5f d6
  0x000000018ed9ae48:   7f 23 03 d5 f6 57 bd a9 f4 4f 01 a9 fd 7b 02 a9
  0x000000018ed9ae58:   fd 83 00 91 f3 03 00 aa 00 60 00 91 db 1e 01 94
  0x000000018ed9ae68:   74 d6 5b a9 60 62 00 91 dc 1e 01 94 e0 03 14 aa
  0x000000018ed9ae78:   e1 03 15 aa fd 7b 42 a9 f4 4f 41 a9 f6 57 c3 a8
  0x000000018ed9ae88:   ff 0f 5f d6 7f 23 03 d5 ff 03 02 d1 f8 5f 04 a9
  0x000000018ed9ae98:   f6 57 05 a9 f4 4f 06 a9 fd 7b 07 a9 fd c3 01 91
  0x000000018ed9aea8:   f4 03 02 aa f5 03 01 aa f3 03 00 aa 08 00 40 f9
=>0x000000018ed9aeb8:   17 d9 5b a9 20 80 c0 3c 28 20 40 f9 e8 0f 00 f9
  0x000000018ed9aec8:   e0 83 80 3c e0 03 00 f9 c1 02 00 d0 21 5c 3e 91
  0x000000018ed9aed8:   a0 00 80 52 8c 5f 00 94 80 82 c0 3c 88 22 40 f9
  0x000000018ed9aee8:   81 0e 40 fd 89 12 40 f9 8a 06 40 b9 e9 1b 00 f9
  0x000000018ed9aef8:   e1 17 00 fd e8 ab 01 a9 e0 83 80 3c f3 03 00 f9
  0x000000018ed9af08:   c1 02 00 d0 21 88 3f 91 a0 00 80 52 7e 5f 00 94
  0x000000018ed9af18:   f7 db 00 a9 f3 03 00 f9 c1 02 00 f0 21 b0 01 91
  0x000000018ed9af28:   a0 00 80 52 78 5f 00 94 68 2e 40 f9 69 52 40 b9
  0x000000018ed9af38:   e8 a7 00 a9 f3 03 00 f9 c1 02 00 f0 21 ec 02 91
  0x000000018ed9af48:   a0 00 80 52 70 5f 00 94 60 26 40 fd 61 0a 40 fd
  0x000000018ed9af58:   21 d8 61 7e e0 87 00 6d f3 03 00 f9 c1 02 00 f0
  0x000000018ed9af68:   21 f8 03 91 a0 00 80 52 67 5f 00 94 88 22 40 f9
  0x000000018ed9af78:   48 03 00 36 a9 22 40 f9 89 00 00 37 a9 00 08 37
  0x000000018ed9af88:   09 00 80 d2 14 00 00 14 a9 06 40 f9 12 00 00 14
  0x000000018ed9af98:   a9 0a 40 f9 6a 2e 40 f9 4b 01 09 cb 60 01 63 9e
  0x000000018ed9afa8:   00 40 61 1e 29 01 0a eb 21 01 63 9e 00 9c 61 1e



---------------  P R O C E S S  ---------------

VM state: not at safepoint (normal execution)

VM Mutex/Monitor currently owned by a thread: None

Heap address: 0x0000000780000000, size: 2048 MB, Compressed Oops mode: Zero based, Oop shift amount: 3

CDS archive(s) mapped at: [0x0000780000000000-0x0000780000d9c000-0x0000780000d9c000), size 14270464, SharedBaseAddress: 0x0000780000000000, ArchiveRelocationMode: 1.
Compressed class space mapped at: 0x0000780001000000-0x0000780041000000, reserved size: 1073741824
UseCompressedClassPointers 1, UseCompactObjectHeaders 0
Narrow klass pointer bits 32, Max shift 3
Narrow klass base: 0x0000780000000000, Narrow klass shift: 0
Encoding Range: [0x0000780000000000 - 0x0000780100000000), (4294967296 bytes)
Klass Range:    [0x0000780000004000 - 0x0000780041000000), (1090502656 bytes)
Klass ID Range:  [16384 - 1090519033) (1090502649)
Protection zone: [0x0000780000000000 - 0x0000780000004000), (16384 bytes)

GC Precious Log:
<Skipped>

Heap:
 garbage-first heap   total reserved 2097152K, committed 316416K, used 187633K [0x0000000780000000, 0x0000000800000000)
  region size 1024K, 110 young (112640K), 1 survivors (1024K)

Heap Regions: E=young(eden), S=young(survivor), O=old, HS=humongous(starts), HC=humongous(continues), CS=collection set, F=free, TAMS=top-at-mark-start, PB=parsable bottom
|   0|0x0000000780000000, 0x0000000780100000, 0x0000000780100000|100%| O|  |TAMS 0x0000000780000000| PB 0x0000000780000000| Untracked |  0
|   1|0x0000000780100000, 0x0000000780200000, 0x0000000780200000|100%| O|  |TAMS 0x0000000780100000| PB 0x0000000780100000| Untracked |  0
|   2|0x0000000780200000, 0x0000000780300000, 0x0000000780300000|100%| O|  |TAMS 0x0000000780200000| PB 0x0000000780200000| Untracked |  0
|   3|0x0000000780300000, 0x0000000780400000, 0x0000000780400000|100%|HS|  |TAMS 0x0000000780300000| PB 0x0000000780300000| Complete |  0
|   4|0x0000000780400000, 0x0000000780500000, 0x0000000780500000|100%|HC|  |TAMS 0x0000000780400000| PB 0x0000000780400000| Complete |  0
|   5|0x0000000780500000, 0x0000000780600000, 0x0000000780600000|100%|HC|  |TAMS 0x0000000780500000| PB 0x0000000780500000| Complete |  0
|   6|0x0000000780600000, 0x0000000780700000, 0x0000000780700000|100%|HS|  |TAMS 0x0000000780600000| PB 0x0000000780600000| Complete |  0
|   7|0x0000000780700000, 0x0000000780800000, 0x0000000780800000|100%| O|  |TAMS 0x0000000780700000| PB 0x0000000780700000| Untracked |  0
|   8|0x0000000780800000, 0x0000000780900000, 0x0000000780900000|100%|HS|  |TAMS 0x0000000780800000| PB 0x0000000780800000| Complete |  0
|   9|0x0000000780900000, 0x0000000780a00000, 0x0000000780a00000|100%|HS|  |TAMS 0x0000000780900000| PB 0x0000000780900000| Complete |  0
|  10|0x0000000780a00000, 0x0000000780b00000, 0x0000000780b00000|100%| O|  |TAMS 0x0000000780a00000| PB 0x0000000780a00000| Untracked |  0
|  11|0x0000000780b00000, 0x0000000780c00000, 0x0000000780c00000|100%| O|  |TAMS 0x0000000780b00000| PB 0x0000000780b00000| Untracked |  0
|  12|0x0000000780c00000, 0x0000000780d00000, 0x0000000780d00000|100%| O|  |TAMS 0x0000000780c00000| PB 0x0000000780c00000| Untracked |  0
|  13|0x0000000780d00000, 0x0000000780e00000, 0x0000000780e00000|100%| O|  |TAMS 0x0000000780d00000| PB 0x0000000780d00000| Untracked |  0
|  14|0x0000000780e00000, 0x0000000780f00000, 0x0000000780f00000|100%|HS|  |TAMS 0x0000000780e00000| PB 0x0000000780e00000| Complete |  0
|  15|0x0000000780f00000, 0x0000000781000000, 0x0000000781000000|100%|HC|  |TAMS 0x0000000780f00000| PB 0x0000000780f00000| Complete |  0
|  16|0x0000000781000000, 0x0000000781100000, 0x0000000781100000|100%|HS|  |TAMS 0x0000000781000000| PB 0x0000000781000000| Complete |  0
|  17|0x0000000781100000, 0x0000000781200000, 0x0000000781200000|100%|HC|  |TAMS 0x0000000781100000| PB 0x0000000781100000| Complete |  0
|  18|0x0000000781200000, 0x0000000781300000, 0x0000000781300000|100%|HC|  |TAMS 0x0000000781200000| PB 0x0000000781200000| Complete |  0
|  19|0x0000000781300000, 0x0000000781400000, 0x0000000781400000|100%|HC|  |TAMS 0x0000000781300000| PB 0x0000000781300000| Complete |  0
|  20|0x0000000781400000, 0x0000000781500000, 0x0000000781500000|100%|HC|  |TAMS 0x0000000781400000| PB 0x0000000781400000| Complete |  0
|  21|0x0000000781500000, 0x0000000781600000, 0x0000000781600000|100%|HC|  |TAMS 0x0000000781500000| PB 0x0000000781500000| Complete |  0
|  22|0x0000000781600000, 0x0000000781700000, 0x0000000781700000|100%|HC|  |TAMS 0x0000000781600000| PB 0x0000000781600000| Complete |  0
|  23|0x0000000781700000, 0x0000000781800000, 0x0000000781800000|100%|HC|  |TAMS 0x0000000781700000| PB 0x0000000781700000| Complete |  0
|  24|0x0000000781800000, 0x0000000781900000, 0x0000000781900000|100%|HC|  |TAMS 0x0000000781800000| PB 0x0000000781800000| Complete |  0
|  25|0x0000000781900000, 0x0000000781a00000, 0x0000000781a00000|100%| O|  |TAMS 0x0000000781900000| PB 0x0000000781900000| Untracked |  0
|  26|0x0000000781a00000, 0x0000000781b00000, 0x0000000781b00000|100%| O|  |TAMS 0x0000000781a00000| PB 0x0000000781a00000| Untracked |  0
|  27|0x0000000781b00000, 0x0000000781b11a30, 0x0000000781c00000|  6%| O|  |TAMS 0x0000000781b00000| PB 0x0000000781b00000| Untracked |  0
|  28|0x0000000781c00000, 0x0000000781d00000, 0x0000000781d00000|100%|HS|  |TAMS 0x0000000781c00000| PB 0x0000000781c00000| Complete |  0
|  29|0x0000000781d00000, 0x0000000781e00000, 0x0000000781e00000|100%|HC|  |TAMS 0x0000000781d00000| PB 0x0000000781d00000| Complete |  0
|  30|0x0000000781e00000, 0x0000000781f00000, 0x0000000781f00000|100%|HC|  |TAMS 0x0000000781e00000| PB 0x0000000781e00000| Complete |  0
|  31|0x0000000781f00000, 0x0000000782000000, 0x0000000782000000|100%|HS|  |TAMS 0x0000000781f00000| PB 0x0000000781f00000| Complete |  0
|  32|0x0000000782000000, 0x0000000782100000, 0x0000000782100000|100%|HS|  |TAMS 0x0000000782000000| PB 0x0000000782000000| Complete |  0
|  33|0x0000000782100000, 0x0000000782200000, 0x0000000782200000|100%|HC|  |TAMS 0x0000000782100000| PB 0x0000000782100000| Complete |  0
|  34|0x0000000782200000, 0x0000000782300000, 0x0000000782300000|100%|HC|  |TAMS 0x0000000782200000| PB 0x0000000782200000| Complete |  0
|  35|0x0000000782300000, 0x0000000782400000, 0x0000000782400000|100%|HC|  |TAMS 0x0000000782300000| PB 0x0000000782300000| Complete |  0
|  36|0x0000000782400000, 0x0000000782500000, 0x0000000782500000|100%|HC|  |TAMS 0x0000000782400000| PB 0x0000000782400000| Complete |  0
|  37|0x0000000782500000, 0x0000000782600000, 0x0000000782600000|100%|HC|  |TAMS 0x0000000782500000| PB 0x0000000782500000| Complete |  0
|  38|0x0000000782600000, 0x0000000782700000, 0x0000000782700000|100%|HS|  |TAMS 0x0000000782600000| PB 0x0000000782600000| Complete |  0
|  39|0x0000000782700000, 0x0000000782800000, 0x0000000782800000|100%|HC|  |TAMS 0x0000000782700000| PB 0x0000000782700000| Complete |  0
|  40|0x0000000782800000, 0x0000000782900000, 0x0000000782900000|100%|HC|  |TAMS 0x0000000782800000| PB 0x0000000782800000| Complete |  0
|  41|0x0000000782900000, 0x0000000782a00000, 0x0000000782a00000|100%|HC|  |TAMS 0x0000000782900000| PB 0x0000000782900000| Complete |  0
|  42|0x0000000782a00000, 0x0000000782b00000, 0x0000000782b00000|100%|HS|  |TAMS 0x0000000782a00000| PB 0x0000000782a00000| Complete |  0
|  43|0x0000000782b00000, 0x0000000782c00000, 0x0000000782c00000|100%|HC|  |TAMS 0x0000000782b00000| PB 0x0000000782b00000| Complete |  0
|  44|0x0000000782c00000, 0x0000000782d00000, 0x0000000782d00000|100%|HC|  |TAMS 0x0000000782c00000| PB 0x0000000782c00000| Complete |  0
|  45|0x0000000782d00000, 0x0000000782e00000, 0x0000000782e00000|100%|HC|  |TAMS 0x0000000782d00000| PB 0x0000000782d00000| Complete |  0
|  46|0x0000000782e00000, 0x0000000782f00000, 0x0000000782f00000|100%|HS|  |TAMS 0x0000000782e00000| PB 0x0000000782e00000| Complete |  0
|  47|0x0000000782f00000, 0x0000000783000000, 0x0000000783000000|100%|HC|  |TAMS 0x0000000782f00000| PB 0x0000000782f00000| Complete |  0
|  48|0x0000000783000000, 0x0000000783100000, 0x0000000783100000|100%|HC|  |TAMS 0x0000000783000000| PB 0x0000000783000000| Complete |  0
|  49|0x0000000783100000, 0x0000000783200000, 0x0000000783200000|100%|HC|  |TAMS 0x0000000783100000| PB 0x0000000783100000| Complete |  0
|  50|0x0000000783200000, 0x0000000783300000, 0x0000000783300000|100%|HS|  |TAMS 0x0000000783200000| PB 0x0000000783200000| Complete |  0
|  51|0x0000000783300000, 0x0000000783400000, 0x0000000783400000|100%|HC|  |TAMS 0x0000000783300000| PB 0x0000000783300000| Complete |  0
|  52|0x0000000783400000, 0x0000000783500000, 0x0000000783500000|100%|HC|  |TAMS 0x0000000783400000| PB 0x0000000783400000| Complete |  0
|  53|0x0000000783500000, 0x0000000783600000, 0x0000000783600000|100%|HC|  |TAMS 0x0000000783500000| PB 0x0000000783500000| Complete |  0
|  54|0x0000000783600000, 0x0000000783700000, 0x0000000783700000|100%|HC|  |TAMS 0x0000000783600000| PB 0x0000000783600000| Complete |  0
|  55|0x0000000783700000, 0x0000000783800000, 0x0000000783800000|100%|HC|  |TAMS 0x0000000783700000| PB 0x0000000783700000| Complete |  0
|  56|0x0000000783800000, 0x0000000783800000, 0x0000000783900000|  0%| F|  |TAMS 0x0000000783800000| PB 0x0000000783800000| Untracked |  0
|  57|0x0000000783900000, 0x0000000783900000, 0x0000000783a00000|  0%| F|  |TAMS 0x0000000783900000| PB 0x0000000783900000| Untracked |  0
|  58|0x0000000783a00000, 0x0000000783a00000, 0x0000000783b00000|  0%| F|  |TAMS 0x0000000783a00000| PB 0x0000000783a00000| Untracked |  0
|  59|0x0000000783b00000, 0x0000000783b00000, 0x0000000783c00000|  0%| F|  |TAMS 0x0000000783b00000| PB 0x0000000783b00000| Untracked |  0
|  60|0x0000000783c00000, 0x0000000783c00000, 0x0000000783d00000|  0%| F|  |TAMS 0x0000000783c00000| PB 0x0000000783c00000| Untracked |  0
|  61|0x0000000783d00000, 0x0000000783d00000, 0x0000000783e00000|  0%| F|  |TAMS 0x0000000783d00000| PB 0x0000000783d00000| Untracked |  0
|  62|0x0000000783e00000, 0x0000000783e00000, 0x0000000783f00000|  0%| F|  |TAMS 0x0000000783e00000| PB 0x0000000783e00000| Untracked |  0
|  63|0x0000000783f00000, 0x0000000783f00000, 0x0000000784000000|  0%| F|  |TAMS 0x0000000783f00000| PB 0x0000000783f00000| Untracked |  0
|  64|0x0000000784000000, 0x0000000784000000, 0x0000000784100000|  0%| F|  |TAMS 0x0000000784000000| PB 0x0000000784000000| Untracked |  0
|  65|0x0000000784100000, 0x0000000784100000, 0x0000000784200000|  0%| F|  |TAMS 0x0000000784100000| PB 0x0000000784100000| Untracked |  0
|  66|0x0000000784200000, 0x0000000784200000, 0x0000000784300000|  0%| F|  |TAMS 0x0000000784200000| PB 0x0000000784200000| Untracked |  0
|  67|0x0000000784300000, 0x0000000784300000, 0x0000000784400000|  0%| F|  |TAMS 0x0000000784300000| PB 0x0000000784300000| Untracked |  0
|  68|0x0000000784400000, 0x0000000784400000, 0x0000000784500000|  0%| F|  |TAMS 0x0000000784400000| PB 0x0000000784400000| Untracked |  0
|  69|0x0000000784500000, 0x0000000784500000, 0x0000000784600000|  0%| F|  |TAMS 0x0000000784500000| PB 0x0000000784500000| Untracked |  0
|  70|0x0000000784600000, 0x0000000784600000, 0x0000000784700000|  0%| F|  |TAMS 0x0000000784600000| PB 0x0000000784600000| Untracked |  0
|  71|0x0000000784700000, 0x0000000784700000, 0x0000000784800000|  0%| F|  |TAMS 0x0000000784700000| PB 0x0000000784700000| Untracked |  0
|  72|0x0000000784800000, 0x0000000784800000, 0x0000000784900000|  0%| F|  |TAMS 0x0000000784800000| PB 0x0000000784800000| Untracked |  0
|  73|0x0000000784900000, 0x0000000784900000, 0x0000000784a00000|  0%| F|  |TAMS 0x0000000784900000| PB 0x0000000784900000| Untracked |  0
|  74|0x0000000784a00000, 0x0000000784b00000, 0x0000000784b00000|100%|HS|  |TAMS 0x0000000784a00000| PB 0x0000000784a00000| Complete |  0
|  75|0x0000000784b00000, 0x0000000784c00000, 0x0000000784c00000|100%|HC|  |TAMS 0x0000000784b00000| PB 0x0000000784b00000| Complete |  0
|  76|0x0000000784c00000, 0x0000000784d00000, 0x0000000784d00000|100%|HC|  |TAMS 0x0000000784c00000| PB 0x0000000784c00000| Complete |  0
|  77|0x0000000784d00000, 0x0000000784e00000, 0x0000000784e00000|100%|HC|  |TAMS 0x0000000784d00000| PB 0x0000000784d00000| Complete |  0
|  78|0x0000000784e00000, 0x0000000784f00000, 0x0000000784f00000|100%|HC|  |TAMS 0x0000000784e00000| PB 0x0000000784e00000| Complete |  0
|  79|0x0000000784f00000, 0x0000000785000000, 0x0000000785000000|100%|HC|  |TAMS 0x0000000784f00000| PB 0x0000000784f00000| Complete |  0
|  80|0x0000000785000000, 0x0000000785100000, 0x0000000785100000|100%|HS|  |TAMS 0x0000000785000000| PB 0x0000000785000000| Complete |  0
|  81|0x0000000785100000, 0x0000000785200000, 0x0000000785200000|100%|HC|  |TAMS 0x0000000785100000| PB 0x0000000785100000| Complete |  0
|  82|0x0000000785200000, 0x0000000785300000, 0x0000000785300000|100%|HC|  |TAMS 0x0000000785200000| PB 0x0000000785200000| Complete |  0
|  83|0x0000000785300000, 0x0000000785400000, 0x0000000785400000|100%|HC|  |TAMS 0x0000000785300000| PB 0x0000000785300000| Complete |  0
|  84|0x0000000785400000, 0x0000000785500000, 0x0000000785500000|100%|HC|  |TAMS 0x0000000785400000| PB 0x0000000785400000| Complete |  0
|  85|0x0000000785500000, 0x0000000785600000, 0x0000000785600000|100%|HC|  |TAMS 0x0000000785500000| PB 0x0000000785500000| Complete |  0
|  86|0x0000000785600000, 0x0000000785700000, 0x0000000785700000|100%|HC|  |TAMS 0x0000000785600000| PB 0x0000000785600000| Complete |  0
|  87|0x0000000785700000, 0x0000000785800000, 0x0000000785800000|100%|HC|  |TAMS 0x0000000785700000| PB 0x0000000785700000| Complete |  0
|  88|0x0000000785800000, 0x0000000785900000, 0x0000000785900000|100%|HC|  |TAMS 0x0000000785800000| PB 0x0000000785800000| Complete |  0
|  89|0x0000000785900000, 0x0000000785900000, 0x0000000785a00000|  0%| F|  |TAMS 0x0000000785900000| PB 0x0000000785900000| Untracked |  0
|  90|0x0000000785a00000, 0x0000000785a00000, 0x0000000785b00000|  0%| F|  |TAMS 0x0000000785a00000| PB 0x0000000785a00000| Untracked |  0
|  91|0x0000000785b00000, 0x0000000785b00000, 0x0000000785c00000|  0%| F|  |TAMS 0x0000000785b00000| PB 0x0000000785b00000| Untracked |  0
|  92|0x0000000785c00000, 0x0000000785c00000, 0x0000000785d00000|  0%| F|  |TAMS 0x0000000785c00000| PB 0x0000000785c00000| Untracked |  0
|  93|0x0000000785d00000, 0x0000000785d00000, 0x0000000785e00000|  0%| F|  |TAMS 0x0000000785d00000| PB 0x0000000785d00000| Untracked |  0
|  94|0x0000000785e00000, 0x0000000785e00000, 0x0000000785f00000|  0%| F|  |TAMS 0x0000000785e00000| PB 0x0000000785e00000| Untracked |  0
|  95|0x0000000785f00000, 0x0000000785f00000, 0x0000000786000000|  0%| F|  |TAMS 0x0000000785f00000| PB 0x0000000785f00000| Untracked |  0
|  96|0x0000000786000000, 0x0000000786000000, 0x0000000786100000|  0%| F|  |TAMS 0x0000000786000000| PB 0x0000000786000000| Untracked |  0
|  97|0x0000000786100000, 0x0000000786100000, 0x0000000786200000|  0%| F|  |TAMS 0x0000000786100000| PB 0x0000000786100000| Untracked |  0
|  98|0x0000000786200000, 0x0000000786300000, 0x0000000786300000|100%|HS|  |TAMS 0x0000000786200000| PB 0x0000000786200000| Complete |  1
|  99|0x0000000786300000, 0x0000000786400000, 0x0000000786400000|100%|HC|  |TAMS 0x0000000786300000| PB 0x0000000786300000| Complete |  0
| 100|0x0000000786400000, 0x0000000786500000, 0x0000000786500000|100%|HC|  |TAMS 0x0000000786400000| PB 0x0000000786400000| Complete |  0
| 101|0x0000000786500000, 0x0000000786600000, 0x0000000786600000|100%|HC|  |TAMS 0x0000000786500000| PB 0x0000000786500000| Complete |  0
| 102|0x0000000786600000, 0x0000000786600000, 0x0000000786700000|  0%| F|  |TAMS 0x0000000786600000| PB 0x0000000786600000| Untracked |  0
| 103|0x0000000786700000, 0x0000000786700000, 0x0000000786800000|  0%| F|  |TAMS 0x0000000786700000| PB 0x0000000786700000| Untracked |  0
| 104|0x0000000786800000, 0x0000000786800000, 0x0000000786900000|  0%| F|  |TAMS 0x0000000786800000| PB 0x0000000786800000| Untracked |  0
| 105|0x0000000786900000, 0x0000000786900000, 0x0000000786a00000|  0%| F|  |TAMS 0x0000000786900000| PB 0x0000000786900000| Untracked |  0
| 106|0x0000000786a00000, 0x0000000786a00000, 0x0000000786b00000|  0%| F|  |TAMS 0x0000000786a00000| PB 0x0000000786a00000| Untracked |  0
| 107|0x0000000786b00000, 0x0000000786b00000, 0x0000000786c00000|  0%| F|  |TAMS 0x0000000786b00000| PB 0x0000000786b00000| Untracked |  0
| 108|0x0000000786c00000, 0x0000000786c00000, 0x0000000786d00000|  0%| F|  |TAMS 0x0000000786c00000| PB 0x0000000786c00000| Untracked |  0
| 109|0x0000000786d00000, 0x0000000786d00000, 0x0000000786e00000|  0%| F|  |TAMS 0x0000000786d00000| PB 0x0000000786d00000| Untracked |  0
| 110|0x0000000786e00000, 0x0000000786e00000, 0x0000000786f00000|  0%| F|  |TAMS 0x0000000786e00000| PB 0x0000000786e00000| Untracked |  0
| 111|0x0000000786f00000, 0x0000000786f00000, 0x0000000787000000|  0%| F|  |TAMS 0x0000000786f00000| PB 0x0000000786f00000| Untracked |  0
| 112|0x0000000787000000, 0x0000000787000000, 0x0000000787100000|  0%| F|  |TAMS 0x0000000787000000| PB 0x0000000787000000| Untracked |  0
| 113|0x0000000787100000, 0x0000000787100000, 0x0000000787200000|  0%| F|  |TAMS 0x0000000787100000| PB 0x0000000787100000| Untracked |  0
| 114|0x0000000787200000, 0x0000000787200000, 0x0000000787300000|  0%| F|  |TAMS 0x0000000787200000| PB 0x0000000787200000| Untracked |  0
| 115|0x0000000787300000, 0x0000000787300000, 0x0000000787400000|  0%| F|  |TAMS 0x0000000787300000| PB 0x0000000787300000| Untracked |  0
| 116|0x0000000787400000, 0x0000000787400000, 0x0000000787500000|  0%| F|  |TAMS 0x0000000787400000| PB 0x0000000787400000| Untracked |  0
| 117|0x0000000787500000, 0x0000000787500000, 0x0000000787600000|  0%| F|  |TAMS 0x0000000787500000| PB 0x0000000787500000| Untracked |  0
| 118|0x0000000787600000, 0x0000000787600000, 0x0000000787700000|  0%| F|  |TAMS 0x0000000787600000| PB 0x0000000787600000| Untracked |  0
| 119|0x0000000787700000, 0x0000000787700000, 0x0000000787800000|  0%| F|  |TAMS 0x0000000787700000| PB 0x0000000787700000| Untracked |  0
| 120|0x0000000787800000, 0x0000000787800000, 0x0000000787900000|  0%| F|  |TAMS 0x0000000787800000| PB 0x0000000787800000| Untracked |  0
| 121|0x0000000787900000, 0x0000000787902850, 0x0000000787a00000|  0%| S|CS|TAMS 0x0000000787900000| PB 0x0000000787900000| Complete |  0
| 122|0x0000000787a00000, 0x0000000787a00000, 0x0000000787b00000|  0%| F|  |TAMS 0x0000000787a00000| PB 0x0000000787a00000| Untracked |  0
| 123|0x0000000787b00000, 0x0000000787b00000, 0x0000000787c00000|  0%| F|  |TAMS 0x0000000787b00000| PB 0x0000000787b00000| Untracked |  0
| 124|0x0000000787c00000, 0x0000000787c00000, 0x0000000787d00000|  0%| F|  |TAMS 0x0000000787c00000| PB 0x0000000787c00000| Untracked |  0
| 125|0x0000000787d00000, 0x0000000787d00000, 0x0000000787e00000|  0%| F|  |TAMS 0x0000000787d00000| PB 0x0000000787d00000| Untracked |  0
| 126|0x0000000787e00000, 0x0000000787e00000, 0x0000000787f00000|  0%| F|  |TAMS 0x0000000787e00000| PB 0x0000000787e00000| Untracked |  0
| 127|0x0000000787f00000, 0x0000000787f00000, 0x0000000788000000|  0%| F|  |TAMS 0x0000000787f00000| PB 0x0000000787f00000| Untracked |  0
| 128|0x0000000788000000, 0x0000000788000000, 0x0000000788100000|  0%| F|  |TAMS 0x0000000788000000| PB 0x0000000788000000| Untracked |  0
| 129|0x0000000788100000, 0x0000000788100000, 0x0000000788200000|  0%| F|  |TAMS 0x0000000788100000| PB 0x0000000788100000| Untracked |  0
| 130|0x0000000788200000, 0x0000000788200000, 0x0000000788300000|  0%| F|  |TAMS 0x0000000788200000| PB 0x0000000788200000| Untracked |  0
| 131|0x0000000788300000, 0x0000000788300000, 0x0000000788400000|  0%| F|  |TAMS 0x0000000788300000| PB 0x0000000788300000| Untracked |  0
| 132|0x0000000788400000, 0x0000000788400000, 0x0000000788500000|  0%| F|  |TAMS 0x0000000788400000| PB 0x0000000788400000| Untracked |  0
| 133|0x0000000788500000, 0x0000000788500000, 0x0000000788600000|  0%| F|  |TAMS 0x0000000788500000| PB 0x0000000788500000| Untracked |  0
| 134|0x0000000788600000, 0x0000000788600000, 0x0000000788700000|  0%| F|  |TAMS 0x0000000788600000| PB 0x0000000788600000| Untracked |  0
| 135|0x0000000788700000, 0x0000000788700000, 0x0000000788800000|  0%| F|  |TAMS 0x0000000788700000| PB 0x0000000788700000| Untracked |  0
| 136|0x0000000788800000, 0x0000000788800000, 0x0000000788900000|  0%| F|  |TAMS 0x0000000788800000| PB 0x0000000788800000| Untracked |  0
| 137|0x0000000788900000, 0x0000000788900000, 0x0000000788a00000|  0%| F|  |TAMS 0x0000000788900000| PB 0x0000000788900000| Untracked |  0
| 138|0x0000000788a00000, 0x0000000788a00000, 0x0000000788b00000|  0%| F|  |TAMS 0x0000000788a00000| PB 0x0000000788a00000| Untracked |  0
| 139|0x0000000788b00000, 0x0000000788b00000, 0x0000000788c00000|  0%| F|  |TAMS 0x0000000788b00000| PB 0x0000000788b00000| Untracked |  0
| 140|0x0000000788c00000, 0x0000000788c00000, 0x0000000788d00000|  0%| F|  |TAMS 0x0000000788c00000| PB 0x0000000788c00000| Untracked |  0
| 141|0x0000000788d00000, 0x0000000788d00000, 0x0000000788e00000|  0%| F|  |TAMS 0x0000000788d00000| PB 0x0000000788d00000| Untracked |  0
| 142|0x0000000788e00000, 0x0000000788e00000, 0x0000000788f00000|  0%| F|  |TAMS 0x0000000788e00000| PB 0x0000000788e00000| Untracked |  0
| 143|0x0000000788f00000, 0x0000000788f00000, 0x0000000789000000|  0%| F|  |TAMS 0x0000000788f00000| PB 0x0000000788f00000| Untracked |  0
| 144|0x0000000789000000, 0x0000000789000000, 0x0000000789100000|  0%| F|  |TAMS 0x0000000789000000| PB 0x0000000789000000| Untracked |  0
| 145|0x0000000789100000, 0x0000000789100000, 0x0000000789200000|  0%| F|  |TAMS 0x0000000789100000| PB 0x0000000789100000| Untracked |  0
| 146|0x0000000789200000, 0x0000000789200000, 0x0000000789300000|  0%| F|  |TAMS 0x0000000789200000| PB 0x0000000789200000| Untracked |  0
| 147|0x0000000789300000, 0x0000000789300000, 0x0000000789400000|  0%| F|  |TAMS 0x0000000789300000| PB 0x0000000789300000| Untracked |  0
| 148|0x0000000789400000, 0x0000000789400000, 0x0000000789500000|  0%| F|  |TAMS 0x0000000789400000| PB 0x0000000789400000| Untracked |  0
| 149|0x0000000789500000, 0x0000000789500000, 0x0000000789600000|  0%| F|  |TAMS 0x0000000789500000| PB 0x0000000789500000| Untracked |  0
| 150|0x0000000789600000, 0x0000000789600000, 0x0000000789700000|  0%| F|  |TAMS 0x0000000789600000| PB 0x0000000789600000| Untracked |  0
| 151|0x0000000789700000, 0x0000000789700000, 0x0000000789800000|  0%| F|  |TAMS 0x0000000789700000| PB 0x0000000789700000| Untracked |  0
| 152|0x0000000789800000, 0x0000000789800000, 0x0000000789900000|  0%| F|  |TAMS 0x0000000789800000| PB 0x0000000789800000| Untracked |  0
| 153|0x0000000789900000, 0x0000000789900000, 0x0000000789a00000|  0%| F|  |TAMS 0x0000000789900000| PB 0x0000000789900000| Untracked |  0
| 154|0x0000000789a00000, 0x0000000789a00000, 0x0000000789b00000|  0%| F|  |TAMS 0x0000000789a00000| PB 0x0000000789a00000| Untracked |  0
| 155|0x0000000789b00000, 0x0000000789b00000, 0x0000000789c00000|  0%| F|  |TAMS 0x0000000789b00000| PB 0x0000000789b00000| Untracked |  0
| 156|0x0000000789c00000, 0x0000000789c00000, 0x0000000789d00000|  0%| F|  |TAMS 0x0000000789c00000| PB 0x0000000789c00000| Untracked |  0
| 157|0x0000000789d00000, 0x0000000789d00000, 0x0000000789e00000|  0%| F|  |TAMS 0x0000000789d00000| PB 0x0000000789d00000| Untracked |  0
| 158|0x0000000789e00000, 0x0000000789e00000, 0x0000000789f00000|  0%| F|  |TAMS 0x0000000789e00000| PB 0x0000000789e00000| Untracked |  0
| 159|0x0000000789f00000, 0x0000000789f00000, 0x000000078a000000|  0%| F|  |TAMS 0x0000000789f00000| PB 0x0000000789f00000| Untracked |  0
| 160|0x000000078a000000, 0x000000078a000000, 0x000000078a100000|  0%| F|  |TAMS 0x000000078a000000| PB 0x000000078a000000| Untracked |  0
| 161|0x000000078a100000, 0x000000078a100000, 0x000000078a200000|  0%| F|  |TAMS 0x000000078a100000| PB 0x000000078a100000| Untracked |  0
| 162|0x000000078a200000, 0x000000078a200000, 0x000000078a300000|  0%| F|  |TAMS 0x000000078a200000| PB 0x000000078a200000| Untracked |  0
| 163|0x000000078a300000, 0x000000078a300000, 0x000000078a400000|  0%| F|  |TAMS 0x000000078a300000| PB 0x000000078a300000| Untracked |  0
| 164|0x000000078a400000, 0x000000078a400000, 0x000000078a500000|  0%| F|  |TAMS 0x000000078a400000| PB 0x000000078a400000| Untracked |  0
| 165|0x000000078a500000, 0x000000078a500000, 0x000000078a600000|  0%| F|  |TAMS 0x000000078a500000| PB 0x000000078a500000| Untracked |  0
| 166|0x000000078a600000, 0x000000078a600000, 0x000000078a700000|  0%| F|  |TAMS 0x000000078a600000| PB 0x000000078a600000| Untracked |  0
| 167|0x000000078a700000, 0x000000078a700000, 0x000000078a800000|  0%| F|  |TAMS 0x000000078a700000| PB 0x000000078a700000| Untracked |  0
| 168|0x000000078a800000, 0x000000078a800000, 0x000000078a900000|  0%| F|  |TAMS 0x000000078a800000| PB 0x000000078a800000| Untracked |  0
| 169|0x000000078a900000, 0x000000078a900000, 0x000000078aa00000|  0%| F|  |TAMS 0x000000078a900000| PB 0x000000078a900000| Untracked |  0
| 170|0x000000078aa00000, 0x000000078aa00000, 0x000000078ab00000|  0%| F|  |TAMS 0x000000078aa00000| PB 0x000000078aa00000| Untracked |  0
| 171|0x000000078ab00000, 0x000000078ab00000, 0x000000078ac00000|  0%| F|  |TAMS 0x000000078ab00000| PB 0x000000078ab00000| Untracked |  0
| 172|0x000000078ac00000, 0x000000078ac00000, 0x000000078ad00000|  0%| F|  |TAMS 0x000000078ac00000| PB 0x000000078ac00000| Untracked |  0
| 173|0x000000078ad00000, 0x000000078ad00000, 0x000000078ae00000|  0%| F|  |TAMS 0x000000078ad00000| PB 0x000000078ad00000| Untracked |  0
| 174|0x000000078ae00000, 0x000000078ae00000, 0x000000078af00000|  0%| F|  |TAMS 0x000000078ae00000| PB 0x000000078ae00000| Untracked |  0
| 175|0x000000078af00000, 0x000000078af00000, 0x000000078b000000|  0%| F|  |TAMS 0x000000078af00000| PB 0x000000078af00000| Untracked |  0
| 176|0x000000078b000000, 0x000000078b000000, 0x000000078b100000|  0%| F|  |TAMS 0x000000078b000000| PB 0x000000078b000000| Untracked |  0
| 177|0x000000078b100000, 0x000000078b100000, 0x000000078b200000|  0%| F|  |TAMS 0x000000078b100000| PB 0x000000078b100000| Untracked |  0
| 178|0x000000078b200000, 0x000000078b200000, 0x000000078b300000|  0%| F|  |TAMS 0x000000078b200000| PB 0x000000078b200000| Untracked |  0
| 179|0x000000078b300000, 0x000000078b300000, 0x000000078b400000|  0%| F|  |TAMS 0x000000078b300000| PB 0x000000078b300000| Untracked |  0
| 180|0x000000078b400000, 0x000000078b400000, 0x000000078b500000|  0%| F|  |TAMS 0x000000078b400000| PB 0x000000078b400000| Untracked |  0
| 181|0x000000078b500000, 0x000000078b500000, 0x000000078b600000|  0%| F|  |TAMS 0x000000078b500000| PB 0x000000078b500000| Untracked |  0
| 182|0x000000078b600000, 0x000000078b600000, 0x000000078b700000|  0%| F|  |TAMS 0x000000078b600000| PB 0x000000078b600000| Untracked |  0
| 183|0x000000078b700000, 0x000000078b700000, 0x000000078b800000|  0%| F|  |TAMS 0x000000078b700000| PB 0x000000078b700000| Untracked |  0
| 184|0x000000078b800000, 0x000000078b800000, 0x000000078b900000|  0%| F|  |TAMS 0x000000078b800000| PB 0x000000078b800000| Untracked |  0
| 185|0x000000078b900000, 0x000000078b900000, 0x000000078ba00000|  0%| F|  |TAMS 0x000000078b900000| PB 0x000000078b900000| Untracked |  0
| 186|0x000000078ba00000, 0x000000078ba00000, 0x000000078bb00000|  0%| F|  |TAMS 0x000000078ba00000| PB 0x000000078ba00000| Untracked |  0
| 187|0x000000078bb00000, 0x000000078bb00000, 0x000000078bc00000|  0%| F|  |TAMS 0x000000078bb00000| PB 0x000000078bb00000| Untracked |  0
| 188|0x000000078bc00000, 0x000000078bc00000, 0x000000078bd00000|  0%| F|  |TAMS 0x000000078bc00000| PB 0x000000078bc00000| Untracked |  0
| 189|0x000000078bd00000, 0x000000078bd00000, 0x000000078be00000|  0%| F|  |TAMS 0x000000078bd00000| PB 0x000000078bd00000| Untracked |  0
| 190|0x000000078be00000, 0x000000078be00000, 0x000000078bf00000|  0%| F|  |TAMS 0x000000078be00000| PB 0x000000078be00000| Untracked |  0
| 191|0x000000078bf00000, 0x000000078bf00000, 0x000000078c000000|  0%| F|  |TAMS 0x000000078bf00000| PB 0x000000078bf00000| Untracked |  0
| 192|0x000000078c000000, 0x000000078c000000, 0x000000078c100000|  0%| F|  |TAMS 0x000000078c000000| PB 0x000000078c000000| Untracked |  0
| 193|0x000000078c100000, 0x000000078c100000, 0x000000078c200000|  0%| F|  |TAMS 0x000000078c100000| PB 0x000000078c100000| Untracked |  0
| 194|0x000000078c200000, 0x000000078c200000, 0x000000078c300000|  0%| F|  |TAMS 0x000000078c200000| PB 0x000000078c200000| Untracked |  0
| 195|0x000000078c300000, 0x000000078c300000, 0x000000078c400000|  0%| F|  |TAMS 0x000000078c300000| PB 0x000000078c300000| Untracked |  0
| 196|0x000000078c400000, 0x000000078c400000, 0x000000078c500000|  0%| F|  |TAMS 0x000000078c400000| PB 0x000000078c400000| Untracked |  0
| 197|0x000000078c500000, 0x000000078c500000, 0x000000078c600000|  0%| F|  |TAMS 0x000000078c500000| PB 0x000000078c500000| Untracked |  0
| 198|0x000000078c600000, 0x000000078c607e58, 0x000000078c700000|  3%| E|  |TAMS 0x000000078c600000| PB 0x000000078c600000| Complete |  0
| 199|0x000000078c700000, 0x000000078c800000, 0x000000078c800000|100%| E|CS|TAMS 0x000000078c700000| PB 0x000000078c700000| Complete |  0
| 200|0x000000078c800000, 0x000000078c900000, 0x000000078c900000|100%| E|CS|TAMS 0x000000078c800000| PB 0x000000078c800000| Complete |  0
| 201|0x000000078c900000, 0x000000078ca00000, 0x000000078ca00000|100%| E|CS|TAMS 0x000000078c900000| PB 0x000000078c900000| Complete |  0
| 202|0x000000078ca00000, 0x000000078cb00000, 0x000000078cb00000|100%| E|CS|TAMS 0x000000078ca00000| PB 0x000000078ca00000| Complete |  0
| 203|0x000000078cb00000, 0x000000078cc00000, 0x000000078cc00000|100%| E|CS|TAMS 0x000000078cb00000| PB 0x000000078cb00000| Complete |  0
| 204|0x000000078cc00000, 0x000000078cd00000, 0x000000078cd00000|100%| E|CS|TAMS 0x000000078cc00000| PB 0x000000078cc00000| Complete |  2
| 205|0x000000078cd00000, 0x000000078ce00000, 0x000000078ce00000|100%| E|CS|TAMS 0x000000078cd00000| PB 0x000000078cd00000| Complete |  0
| 206|0x000000078ce00000, 0x000000078cf00000, 0x000000078cf00000|100%| E|CS|TAMS 0x000000078ce00000| PB 0x000000078ce00000| Complete |  0
| 207|0x000000078cf00000, 0x000000078d000000, 0x000000078d000000|100%| E|CS|TAMS 0x000000078cf00000| PB 0x000000078cf00000| Complete |  0
| 208|0x000000078d000000, 0x000000078d100000, 0x000000078d100000|100%| E|CS|TAMS 0x000000078d000000| PB 0x000000078d000000| Complete |  2
| 209|0x000000078d100000, 0x000000078d200000, 0x000000078d200000|100%| E|CS|TAMS 0x000000078d100000| PB 0x000000078d100000| Complete |  0
| 210|0x000000078d200000, 0x000000078d300000, 0x000000078d300000|100%| E|CS|TAMS 0x000000078d200000| PB 0x000000078d200000| Complete |  0
| 211|0x000000078d300000, 0x000000078d400000, 0x000000078d400000|100%| E|CS|TAMS 0x000000078d300000| PB 0x000000078d300000| Complete |  0
| 212|0x000000078d400000, 0x000000078d500000, 0x000000078d500000|100%| E|CS|TAMS 0x000000078d400000| PB 0x000000078d400000| Complete |  0
| 213|0x000000078d500000, 0x000000078d600000, 0x000000078d600000|100%| E|CS|TAMS 0x000000078d500000| PB 0x000000078d500000| Complete |  0
| 214|0x000000078d600000, 0x000000078d700000, 0x000000078d700000|100%| E|CS|TAMS 0x000000078d600000| PB 0x000000078d600000| Complete |  0
| 215|0x000000078d700000, 0x000000078d800000, 0x000000078d800000|100%| E|CS|TAMS 0x000000078d700000| PB 0x000000078d700000| Complete |  0
| 216|0x000000078d800000, 0x000000078d900000, 0x000000078d900000|100%| E|CS|TAMS 0x000000078d800000| PB 0x000000078d800000| Complete |  0
| 217|0x000000078d900000, 0x000000078da00000, 0x000000078da00000|100%| E|CS|TAMS 0x000000078d900000| PB 0x000000078d900000| Complete |  0
| 218|0x000000078da00000, 0x000000078db00000, 0x000000078db00000|100%| E|CS|TAMS 0x000000078da00000| PB 0x000000078da00000| Complete |  0
| 219|0x000000078db00000, 0x000000078dc00000, 0x000000078dc00000|100%| E|CS|TAMS 0x000000078db00000| PB 0x000000078db00000| Complete |  0
| 220|0x000000078dc00000, 0x000000078dd00000, 0x000000078dd00000|100%| E|CS|TAMS 0x000000078dc00000| PB 0x000000078dc00000| Complete |  0
| 221|0x000000078dd00000, 0x000000078de00000, 0x000000078de00000|100%| E|CS|TAMS 0x000000078dd00000| PB 0x000000078dd00000| Complete |  0
| 222|0x000000078de00000, 0x000000078df00000, 0x000000078df00000|100%| E|CS|TAMS 0x000000078de00000| PB 0x000000078de00000| Complete |  0
| 223|0x000000078df00000, 0x000000078e000000, 0x000000078e000000|100%| E|CS|TAMS 0x000000078df00000| PB 0x000000078df00000| Complete |  0
| 224|0x000000078e000000, 0x000000078e100000, 0x000000078e100000|100%| E|CS|TAMS 0x000000078e000000| PB 0x000000078e000000| Complete |  0
| 225|0x000000078e100000, 0x000000078e200000, 0x000000078e200000|100%| E|CS|TAMS 0x000000078e100000| PB 0x000000078e100000| Complete |  0
| 226|0x000000078e200000, 0x000000078e300000, 0x000000078e300000|100%| E|CS|TAMS 0x000000078e200000| PB 0x000000078e200000| Complete |  0
| 227|0x000000078e300000, 0x000000078e400000, 0x000000078e400000|100%| E|CS|TAMS 0x000000078e300000| PB 0x000000078e300000| Complete |  0
| 228|0x000000078e400000, 0x000000078e500000, 0x000000078e500000|100%| E|CS|TAMS 0x000000078e400000| PB 0x000000078e400000| Complete |  0
| 229|0x000000078e500000, 0x000000078e600000, 0x000000078e600000|100%| E|CS|TAMS 0x000000078e500000| PB 0x000000078e500000| Complete |  0
| 230|0x000000078e600000, 0x000000078e700000, 0x000000078e700000|100%| E|CS|TAMS 0x000000078e600000| PB 0x000000078e600000| Complete |  0
| 231|0x000000078e700000, 0x000000078e800000, 0x000000078e800000|100%| E|CS|TAMS 0x000000078e700000| PB 0x000000078e700000| Complete |  0
| 232|0x000000078e800000, 0x000000078e900000, 0x000000078e900000|100%| E|CS|TAMS 0x000000078e800000| PB 0x000000078e800000| Complete |  0
| 233|0x000000078e900000, 0x000000078ea00000, 0x000000078ea00000|100%| E|CS|TAMS 0x000000078e900000| PB 0x000000078e900000| Complete |  0
| 234|0x000000078ea00000, 0x000000078eb00000, 0x000000078eb00000|100%| E|CS|TAMS 0x000000078ea00000| PB 0x000000078ea00000| Complete |  0
| 235|0x000000078eb00000, 0x000000078ec00000, 0x000000078ec00000|100%| E|CS|TAMS 0x000000078eb00000| PB 0x000000078eb00000| Complete |  0
| 236|0x000000078ec00000, 0x000000078ed00000, 0x000000078ed00000|100%| E|CS|TAMS 0x000000078ec00000| PB 0x000000078ec00000| Complete |  0
| 237|0x000000078ed00000, 0x000000078ee00000, 0x000000078ee00000|100%| E|CS|TAMS 0x000000078ed00000| PB 0x000000078ed00000| Complete |  0
| 238|0x000000078ee00000, 0x000000078ef00000, 0x000000078ef00000|100%| E|CS|TAMS 0x000000078ee00000| PB 0x000000078ee00000| Complete |  0
| 239|0x000000078ef00000, 0x000000078f000000, 0x000000078f000000|100%| E|CS|TAMS 0x000000078ef00000| PB 0x000000078ef00000| Complete |  0
| 240|0x000000078f000000, 0x000000078f100000, 0x000000078f100000|100%| E|CS|TAMS 0x000000078f000000| PB 0x000000078f000000| Complete |  0
| 241|0x000000078f100000, 0x000000078f200000, 0x000000078f200000|100%| E|CS|TAMS 0x000000078f100000| PB 0x000000078f100000| Complete |  0
| 242|0x000000078f200000, 0x000000078f300000, 0x000000078f300000|100%| E|CS|TAMS 0x000000078f200000| PB 0x000000078f200000| Complete |  0
| 243|0x000000078f300000, 0x000000078f400000, 0x000000078f400000|100%| E|CS|TAMS 0x000000078f300000| PB 0x000000078f300000| Complete |  0
| 244|0x000000078f400000, 0x000000078f500000, 0x000000078f500000|100%| E|CS|TAMS 0x000000078f400000| PB 0x000000078f400000| Complete |  0
| 245|0x000000078f500000, 0x000000078f600000, 0x000000078f600000|100%| E|CS|TAMS 0x000000078f500000| PB 0x000000078f500000| Complete |  0
| 246|0x000000078f600000, 0x000000078f700000, 0x000000078f700000|100%| E|CS|TAMS 0x000000078f600000| PB 0x000000078f600000| Complete |  0
| 247|0x000000078f700000, 0x000000078f800000, 0x000000078f800000|100%| E|CS|TAMS 0x000000078f700000| PB 0x000000078f700000| Complete |  0
| 248|0x000000078f800000, 0x000000078f900000, 0x000000078f900000|100%| E|CS|TAMS 0x000000078f800000| PB 0x000000078f800000| Complete |  0
| 249|0x000000078f900000, 0x000000078fa00000, 0x000000078fa00000|100%| E|CS|TAMS 0x000000078f900000| PB 0x000000078f900000| Complete |  0
| 250|0x000000078fa00000, 0x000000078fb00000, 0x000000078fb00000|100%| E|CS|TAMS 0x000000078fa00000| PB 0x000000078fa00000| Complete |  0
| 251|0x000000078fb00000, 0x000000078fc00000, 0x000000078fc00000|100%| E|CS|TAMS 0x000000078fb00000| PB 0x000000078fb00000| Complete |  0
| 252|0x000000078fc00000, 0x000000078fd00000, 0x000000078fd00000|100%| E|CS|TAMS 0x000000078fc00000| PB 0x000000078fc00000| Complete |  0
| 253|0x000000078fd00000, 0x000000078fe00000, 0x000000078fe00000|100%| E|CS|TAMS 0x000000078fd00000| PB 0x000000078fd00000| Complete |  0
| 254|0x000000078fe00000, 0x000000078ff00000, 0x000000078ff00000|100%| E|CS|TAMS 0x000000078fe00000| PB 0x000000078fe00000| Complete |  0
| 255|0x000000078ff00000, 0x0000000790000000, 0x0000000790000000|100%| E|CS|TAMS 0x000000078ff00000| PB 0x000000078ff00000| Complete |  0
| 256|0x0000000790000000, 0x0000000790100000, 0x0000000790100000|100%| E|CS|TAMS 0x0000000790000000| PB 0x0000000790000000| Complete |  0
| 257|0x0000000790100000, 0x0000000790200000, 0x0000000790200000|100%| E|CS|TAMS 0x0000000790100000| PB 0x0000000790100000| Complete |  0
| 258|0x0000000790200000, 0x0000000790300000, 0x0000000790300000|100%| E|CS|TAMS 0x0000000790200000| PB 0x0000000790200000| Complete |  0
| 259|0x0000000790300000, 0x0000000790400000, 0x0000000790400000|100%| E|CS|TAMS 0x0000000790300000| PB 0x0000000790300000| Complete |  0
| 260|0x0000000790400000, 0x0000000790500000, 0x0000000790500000|100%| E|CS|TAMS 0x0000000790400000| PB 0x0000000790400000| Complete |  0
| 261|0x0000000790500000, 0x0000000790600000, 0x0000000790600000|100%| E|CS|TAMS 0x0000000790500000| PB 0x0000000790500000| Complete |  0
| 262|0x0000000790600000, 0x0000000790700000, 0x0000000790700000|100%| E|CS|TAMS 0x0000000790600000| PB 0x0000000790600000| Complete |  0
| 263|0x0000000790700000, 0x0000000790800000, 0x0000000790800000|100%| E|CS|TAMS 0x0000000790700000| PB 0x0000000790700000| Complete |  0
| 264|0x0000000790800000, 0x0000000790900000, 0x0000000790900000|100%| E|CS|TAMS 0x0000000790800000| PB 0x0000000790800000| Complete |  0
| 265|0x0000000790900000, 0x0000000790a00000, 0x0000000790a00000|100%| E|CS|TAMS 0x0000000790900000| PB 0x0000000790900000| Complete |  0
| 266|0x0000000790a00000, 0x0000000790b00000, 0x0000000790b00000|100%| E|CS|TAMS 0x0000000790a00000| PB 0x0000000790a00000| Complete |  0
| 267|0x0000000790b00000, 0x0000000790c00000, 0x0000000790c00000|100%| E|CS|TAMS 0x0000000790b00000| PB 0x0000000790b00000| Complete |  0
| 268|0x0000000790c00000, 0x0000000790d00000, 0x0000000790d00000|100%| E|CS|TAMS 0x0000000790c00000| PB 0x0000000790c00000| Complete |  0
| 269|0x0000000790d00000, 0x0000000790e00000, 0x0000000790e00000|100%| E|CS|TAMS 0x0000000790d00000| PB 0x0000000790d00000| Complete |  0
| 270|0x0000000790e00000, 0x0000000790f00000, 0x0000000790f00000|100%| E|CS|TAMS 0x0000000790e00000| PB 0x0000000790e00000| Complete |  0
| 271|0x0000000790f00000, 0x0000000791000000, 0x0000000791000000|100%| E|CS|TAMS 0x0000000790f00000| PB 0x0000000790f00000| Complete |  0
| 272|0x0000000791000000, 0x0000000791100000, 0x0000000791100000|100%| E|CS|TAMS 0x0000000791000000| PB 0x0000000791000000| Complete |  0
| 273|0x0000000791100000, 0x0000000791200000, 0x0000000791200000|100%| E|CS|TAMS 0x0000000791100000| PB 0x0000000791100000| Complete |  0
| 274|0x0000000791200000, 0x0000000791300000, 0x0000000791300000|100%| E|CS|TAMS 0x0000000791200000| PB 0x0000000791200000| Complete |  0
| 275|0x0000000791300000, 0x0000000791400000, 0x0000000791400000|100%| E|CS|TAMS 0x0000000791300000| PB 0x0000000791300000| Complete |  0
| 276|0x0000000791400000, 0x0000000791500000, 0x0000000791500000|100%| E|CS|TAMS 0x0000000791400000| PB 0x0000000791400000| Complete |  0
| 277|0x0000000791500000, 0x0000000791600000, 0x0000000791600000|100%| E|CS|TAMS 0x0000000791500000| PB 0x0000000791500000| Complete |  0
| 278|0x0000000791600000, 0x0000000791700000, 0x0000000791700000|100%| E|CS|TAMS 0x0000000791600000| PB 0x0000000791600000| Complete |  0
| 279|0x0000000791700000, 0x0000000791800000, 0x0000000791800000|100%| E|CS|TAMS 0x0000000791700000| PB 0x0000000791700000| Complete |  0
| 280|0x0000000791800000, 0x0000000791900000, 0x0000000791900000|100%| E|CS|TAMS 0x0000000791800000| PB 0x0000000791800000| Complete |  0
| 281|0x0000000791900000, 0x0000000791a00000, 0x0000000791a00000|100%| E|CS|TAMS 0x0000000791900000| PB 0x0000000791900000| Complete |  0
| 282|0x0000000791a00000, 0x0000000791b00000, 0x0000000791b00000|100%| E|CS|TAMS 0x0000000791a00000| PB 0x0000000791a00000| Complete |  0
| 283|0x0000000791b00000, 0x0000000791c00000, 0x0000000791c00000|100%| E|CS|TAMS 0x0000000791b00000| PB 0x0000000791b00000| Complete |  0
| 284|0x0000000791c00000, 0x0000000791d00000, 0x0000000791d00000|100%| E|CS|TAMS 0x0000000791c00000| PB 0x0000000791c00000| Complete |  0
| 285|0x0000000791d00000, 0x0000000791e00000, 0x0000000791e00000|100%| E|CS|TAMS 0x0000000791d00000| PB 0x0000000791d00000| Complete |  0
| 286|0x0000000791e00000, 0x0000000791f00000, 0x0000000791f00000|100%| E|CS|TAMS 0x0000000791e00000| PB 0x0000000791e00000| Complete |  0
| 287|0x0000000791f00000, 0x0000000792000000, 0x0000000792000000|100%| E|CS|TAMS 0x0000000791f00000| PB 0x0000000791f00000| Complete |  0
| 288|0x0000000792000000, 0x0000000792100000, 0x0000000792100000|100%| E|CS|TAMS 0x0000000792000000| PB 0x0000000792000000| Complete |  0
| 289|0x0000000792100000, 0x0000000792200000, 0x0000000792200000|100%| E|CS|TAMS 0x0000000792100000| PB 0x0000000792100000| Complete |  0
| 290|0x0000000792200000, 0x0000000792300000, 0x0000000792300000|100%| E|CS|TAMS 0x0000000792200000| PB 0x0000000792200000| Complete |  0
| 291|0x0000000792300000, 0x0000000792400000, 0x0000000792400000|100%| E|CS|TAMS 0x0000000792300000| PB 0x0000000792300000| Complete |  0
| 292|0x0000000792400000, 0x0000000792500000, 0x0000000792500000|100%| E|CS|TAMS 0x0000000792400000| PB 0x0000000792400000| Complete |  0
| 293|0x0000000792500000, 0x0000000792600000, 0x0000000792600000|100%| E|CS|TAMS 0x0000000792500000| PB 0x0000000792500000| Complete |  0
| 294|0x0000000792600000, 0x0000000792700000, 0x0000000792700000|100%| E|CS|TAMS 0x0000000792600000| PB 0x0000000792600000| Complete |  0
| 295|0x0000000792700000, 0x0000000792800000, 0x0000000792800000|100%| E|CS|TAMS 0x0000000792700000| PB 0x0000000792700000| Complete |  0
| 296|0x0000000792800000, 0x0000000792900000, 0x0000000792900000|100%| E|CS|TAMS 0x0000000792800000| PB 0x0000000792800000| Complete |  0
| 297|0x0000000792900000, 0x0000000792a00000, 0x0000000792a00000|100%| E|CS|TAMS 0x0000000792900000| PB 0x0000000792900000| Complete |  0
| 298|0x0000000792a00000, 0x0000000792b00000, 0x0000000792b00000|100%| E|CS|TAMS 0x0000000792a00000| PB 0x0000000792a00000| Complete |  0
| 299|0x0000000792b00000, 0x0000000792c00000, 0x0000000792c00000|100%| E|CS|TAMS 0x0000000792b00000| PB 0x0000000792b00000| Complete |  0
| 300|0x0000000792c00000, 0x0000000792d00000, 0x0000000792d00000|100%| E|CS|TAMS 0x0000000792c00000| PB 0x0000000792c00000| Complete |  0
| 301|0x0000000792d00000, 0x0000000792e00000, 0x0000000792e00000|100%| E|CS|TAMS 0x0000000792d00000| PB 0x0000000792d00000| Complete |  0
| 302|0x0000000792e00000, 0x0000000792f00000, 0x0000000792f00000|100%| E|CS|TAMS 0x0000000792e00000| PB 0x0000000792e00000| Complete |  0
| 303|0x0000000792f00000, 0x0000000793000000, 0x0000000793000000|100%| E|CS|TAMS 0x0000000792f00000| PB 0x0000000792f00000| Complete |  0
| 304|0x0000000793000000, 0x0000000793100000, 0x0000000793100000|100%| E|CS|TAMS 0x0000000793000000| PB 0x0000000793000000| Complete |  0
| 305|0x0000000793100000, 0x0000000793200000, 0x0000000793200000|100%| E|CS|TAMS 0x0000000793100000| PB 0x0000000793100000| Complete |  0
| 306|0x0000000793200000, 0x0000000793300000, 0x0000000793300000|100%| E|CS|TAMS 0x0000000793200000| PB 0x0000000793200000| Complete |  0
|2046|0x00000007ffe00000, 0x00000007fff00000, 0x00000007fff00000|100%| O|  |TAMS 0x00000007ffe00000| PB 0x00000007ffe00000| Untracked |  0
|2047|0x00000007fff00000, 0x00000007fff20640, 0x0000000800000000| 12%| O|  |TAMS 0x00000007fff00000| PB 0x00000007fff00000| Untracked |  0

Card table byte_map: [0x0000000100f20000,0x0000000101320000] _byte_map_base: 0x00000000fd320000

Marking Bits: (CMBitMap*) 0x000000012f817810
 Bits: [0x000000011a0f8000, 0x000000011c0f8000)

Polling page: 0x0000000100610000

Metaspace:
Metaspace        used 17455K, committed 17728K, reserved 1114112K
 class space     used 1563K, committed 1664K, reserved 1048576K

Usage:
  Non-class:     15.52 MB used.
      Class:      1.53 MB used.
       Both:     17.05 MB used.

Virtual space:
  Non-class space:       64.00 MB reserved,      15.69 MB ( 25%) committed,  1 nodes.
      Class space:        1.00 GB reserved,       1.62 MB ( <1%) committed,  1 nodes.
             Both:        1.06 GB reserved,      17.31 MB (  2%) committed. 

Chunk freelists:
   Non-Class:  353.00 KB
       Class:  14.19 MB
        Both:  14.54 MB

MaxMetaspaceSize: unlimited
CompressedClassSpaceSize: 1.00 GB
Initial GC threshold: 21.00 MB
Current GC threshold: 21.00 MB
CDS: on
 - commit_granule_bytes: 65536.
 - commit_granule_words: 8192.
 - virtual_space_node_default_size: 8388608.
 - enlarge_chunks_in_place: 1.
UseCompressedClassPointers 1, UseCompactObjectHeaders 0
Narrow klass pointer bits 32, Max shift 3
Narrow klass base: 0x0000780000000000, Narrow klass shift: 0
Encoding Range: [0x0000780000000000 - 0x0000780100000000), (4294967296 bytes)
Klass Range:    [0x0000780000004000 - 0x0000780041000000), (1090502656 bytes)
Klass ID Range:  [16384 - 1090519033) (1090502649)
Protection zone: [0x0000780000000000 - 0x0000780000004000), (16384 bytes)


Internal statistics:

num_allocs_failed_limit: 0.
num_arena_births: 272.
num_arena_deaths: 0.
num_vsnodes_births: 2.
num_vsnodes_deaths: 0.
num_space_committed: 277.
num_space_uncommitted: 0.
num_chunks_returned_to_freelist: 0.
num_chunks_taken_from_freelist: 371.
num_chunk_merges: 0.
num_chunk_splits: 231.
num_chunks_enlarged: 137.
num_inconsistent_stats: 0.

CodeHeap 'non-profiled nmethods': size=120048Kb used=2360Kb max_used=2360Kb free=117687Kb
 bounds [0x0000000112bbc000, 0x0000000112e2c000, 0x000000011a0f8000]
CodeHeap 'profiled nmethods': size=120016Kb used=7605Kb max_used=7605Kb free=112410Kb
 bounds [0x000000010b0f8000, 0x000000010b868000, 0x000000011262c000]
CodeHeap 'non-nmethods': size=5696Kb used=1548Kb max_used=1708Kb free=4147Kb
 bounds [0x000000011262c000, 0x000000011289c000, 0x0000000112bbc000]
CodeCache: size=245760Kb, used=11513Kb, max_used=11673Kb, free=234244Kb
 total_blobs=5734, nmethods=4942, adapters=699, full_count=0
Compilation: enabled, stopped_count=0, restarted_count=0

Compilation events (20 events):
Event: 659.476 Thread 0x000000012e86ce00 5186   !   4       javax.swing.RepaintManager$ProcessingRunnable::run (41 bytes)
Event: 659.487 Thread 0x000000012e86ce00 nmethod 5186 0x0000000112e021c8 code [0x0000000112e022c0, 0x0000000112e033e8]
Event: 659.487 Thread 0x000000012e86ce00 5187       4       javax.swing.RepaintManager::updateWindows (161 bytes)
Event: 659.488 Thread 0x000000012e86ce00 nmethod 5187 0x0000000112e03408 code [0x0000000112e03500, 0x0000000112e03788]
Event: 661.049 Thread 0x000000012e86ce00 5188   !   4       java.awt.EventQueue::getNextEvent (84 bytes)
Event: 661.071 Thread 0x000000012e86ce00 nmethod 5188 0x0000000112e037c8 code [0x0000000112e038c0, 0x0000000112e05238]
Event: 661.261 Thread 0x000000012e86ce00 5189   !   4       java.awt.EventDispatchThread::pumpOneEventForFilters (106 bytes)
Event: 661.284 Thread 0x000000012e86ce00 nmethod 5189 0x0000000112e05288 code [0x0000000112e05380, 0x0000000112e06798]
Event: 662.374 Thread 0x000000012e86ce00 5190       4       java.util.Arrays::rangeCheck (74 bytes)
Event: 662.375 Thread 0x000000012e86ce00 nmethod 5190 0x0000000112e06808 code [0x0000000112e06900, 0x0000000112e069d0]
Event: 663.381 Thread 0x000000012e86ce00 5191       4       jdk.internal.misc.Unsafe::getIntUnaligned (12 bytes)
Event: 663.382 Thread 0x000000012e86ce00 nmethod 5191 0x0000000112e06a08 code [0x0000000112e06b00, 0x0000000112e06bc8]
Event: 674.546 Thread 0x000000012e86ce00 5193       4       java.util.Collections$UnmodifiableCollection$1::next (10 bytes)
Event: 674.554 Thread 0x000000012e86ce00 nmethod 5193 0x0000000112e06c08 code [0x0000000112e06d00, 0x0000000112e070d8]
Event: 683.703 Thread 0x000000012e86ce00 5194       4       sun.awt.image.ImageDecoder::imageComplete (59 bytes)
Event: 683.734 Thread 0x000000012e86ce00 nmethod 5194 0x0000000112e07108 code [0x0000000112e07200, 0x0000000112e09a30]
Event: 684.606 Thread 0x000000012e86ce00 5195       4       java.io.ObjectStreamClass::getSuperDesc (9 bytes)
Event: 684.608 Thread 0x000000012e86ce00 nmethod 5195 0x0000000112e09a48 code [0x0000000112e09b40, 0x0000000112e09c00]
Event: 685.025 Thread 0x000000012e86ce00 5196       4       sun.java2d.pipe.DrawImage::scaleImage (186 bytes)
Event: 685.032 Thread 0x000000012e86ce00 nmethod 5196 0x0000000112e09c08 code [0x0000000112e09d00, 0x0000000112e0a270]

GC Heap Usage History (20 events):
Event: 617.761 {heap Before GC invocations=93 (full 0):
 garbage-first heap   total reserved 2097152K, committed 316416K, used 269520K [0x0000000780000000, 0x0000000800000000)
  region size 1024K, 185 young (189440K), 1 survivors (1024K)
}
Event: 617.763 {heap After GC invocations=94 (full 0):
 garbage-first heap   total reserved 2097152K, committed 316416K, used 72910K [0x0000000780000000, 0x0000000800000000)
  region size 1024K, 1 young (1024K), 1 survivors (1024K)
}
Event: 624.891 {heap Before GC invocations=94 (full 0):
 garbage-first heap   total reserved 2097152K, committed 316416K, used 269518K [0x0000000780000000, 0x0000000800000000)
  region size 1024K, 185 young (189440K), 1 survivors (1024K)
}
Event: 624.892 {heap After GC invocations=95 (full 0):
 garbage-first heap   total reserved 2097152K, committed 316416K, used 72912K [0x0000000780000000, 0x0000000800000000)
  region size 1024K, 1 young (1024K), 1 survivors (1024K)
}
Event: 631.880 {heap Before GC invocations=95 (full 0):
 garbage-first heap   total reserved 2097152K, committed 316416K, used 269520K [0x0000000780000000, 0x0000000800000000)
  region size 1024K, 185 young (189440K), 1 survivors (1024K)
}
Event: 631.882 {heap After GC invocations=96 (full 0):
 garbage-first heap   total reserved 2097152K, committed 316416K, used 72918K [0x0000000780000000, 0x0000000800000000)
  region size 1024K, 1 young (1024K), 1 survivors (1024K)
}
Event: 639.032 {heap Before GC invocations=96 (full 0):
 garbage-first heap   total reserved 2097152K, committed 316416K, used 269526K [0x0000000780000000, 0x0000000800000000)
  region size 1024K, 185 young (189440K), 1 survivors (1024K)
}
Event: 639.036 {heap After GC invocations=97 (full 0):
 garbage-first heap   total reserved 2097152K, committed 316416K, used 72914K [0x0000000780000000, 0x0000000800000000)
  region size 1024K, 1 young (1024K), 1 survivors (1024K)
}
Event: 646.152 {heap Before GC invocations=97 (full 0):
 garbage-first heap   total reserved 2097152K, committed 316416K, used 269522K [0x0000000780000000, 0x0000000800000000)
  region size 1024K, 185 young (189440K), 1 survivors (1024K)
}
Event: 646.153 {heap After GC invocations=98 (full 0):
 garbage-first heap   total reserved 2097152K, committed 316416K, used 72911K [0x0000000780000000, 0x0000000800000000)
  region size 1024K, 1 young (1024K), 1 survivors (1024K)
}
Event: 653.222 {heap Before GC invocations=98 (full 0):
 garbage-first heap   total reserved 2097152K, committed 316416K, used 269519K [0x0000000780000000, 0x0000000800000000)
  region size 1024K, 185 young (189440K), 1 survivors (1024K)
}
Event: 653.225 {heap After GC invocations=99 (full 0):
 garbage-first heap   total reserved 2097152K, committed 316416K, used 72912K [0x0000000780000000, 0x0000000800000000)
  region size 1024K, 1 young (1024K), 1 survivors (1024K)
}
Event: 660.160 {heap Before GC invocations=99 (full 0):
 garbage-first heap   total reserved 2097152K, committed 316416K, used 265424K [0x0000000780000000, 0x0000000800000000)
  region size 1024K, 185 young (189440K), 1 survivors (1024K)
}
Event: 660.161 {heap After GC invocations=100 (full 0):
 garbage-first heap   total reserved 2097152K, committed 316416K, used 68825K [0x0000000780000000, 0x0000000800000000)
  region size 1024K, 1 young (1024K), 1 survivors (1024K)
}
Event: 667.288 {heap Before GC invocations=100 (full 0):
 garbage-first heap   total reserved 2097152K, committed 316416K, used 265433K [0x0000000780000000, 0x0000000800000000)
  region size 1024K, 185 young (189440K), 1 survivors (1024K)
}
Event: 667.290 {heap After GC invocations=101 (full 0):
 garbage-first heap   total reserved 2097152K, committed 316416K, used 72917K [0x0000000780000000, 0x0000000800000000)
  region size 1024K, 1 young (1024K), 1 survivors (1024K)
}
Event: 674.353 {heap Before GC invocations=101 (full 0):
 garbage-first heap   total reserved 2097152K, committed 316416K, used 269525K [0x0000000780000000, 0x0000000800000000)
  region size 1024K, 185 young (189440K), 1 survivors (1024K)
}
Event: 674.355 {heap After GC invocations=102 (full 0):
 garbage-first heap   total reserved 2097152K, committed 316416K, used 72916K [0x0000000780000000, 0x0000000800000000)
  region size 1024K, 1 young (1024K), 1 survivors (1024K)
}
Event: 681.580 {heap Before GC invocations=102 (full 0):
 garbage-first heap   total reserved 2097152K, committed 316416K, used 269524K [0x0000000780000000, 0x0000000800000000)
  region size 1024K, 185 young (189440K), 1 survivors (1024K)
}
Event: 681.582 {heap After GC invocations=103 (full 0):
 garbage-first heap   total reserved 2097152K, committed 316416K, used 72914K [0x0000000780000000, 0x0000000800000000)
  region size 1024K, 1 young (1024K), 1 survivors (1024K)
}

Metaspace Usage History (20 events):
Event: 617.761 {metaspace Before GC invocations=93 (full 0):
 Metaspace       used 17455K, committed 17728K, reserved 1114112K
  class space    used 1563K, committed 1664K, reserved 1048576K
}
Event: 617.763 {metaspace After GC invocations=94 (full 0):
 Metaspace       used 17455K, committed 17728K, reserved 1114112K
  class space    used 1563K, committed 1664K, reserved 1048576K
}
Event: 624.891 {metaspace Before GC invocations=94 (full 0):
 Metaspace       used 17455K, committed 17728K, reserved 1114112K
  class space    used 1563K, committed 1664K, reserved 1048576K
}
Event: 624.892 {metaspace After GC invocations=95 (full 0):
 Metaspace       used 17455K, committed 17728K, reserved 1114112K
  class space    used 1563K, committed 1664K, reserved 1048576K
}
Event: 631.880 {metaspace Before GC invocations=95 (full 0):
 Metaspace       used 17455K, committed 17728K, reserved 1114112K
  class space    used 1563K, committed 1664K, reserved 1048576K
}
Event: 631.882 {metaspace After GC invocations=96 (full 0):
 Metaspace       used 17455K, committed 17728K, reserved 1114112K
  class space    used 1563K, committed 1664K, reserved 1048576K
}
Event: 639.032 {metaspace Before GC invocations=96 (full 0):
 Metaspace       used 17455K, committed 17728K, reserved 1114112K
  class space    used 1563K, committed 1664K, reserved 1048576K
}
Event: 639.036 {metaspace After GC invocations=97 (full 0):
 Metaspace       used 17455K, committed 17728K, reserved 1114112K
  class space    used 1563K, committed 1664K, reserved 1048576K
}
Event: 646.152 {metaspace Before GC invocations=97 (full 0):
 Metaspace       used 17455K, committed 17728K, reserved 1114112K
  class space    used 1563K, committed 1664K, reserved 1048576K
}
Event: 646.153 {metaspace After GC invocations=98 (full 0):
 Metaspace       used 17455K, committed 17728K, reserved 1114112K
  class space    used 1563K, committed 1664K, reserved 1048576K
}
Event: 653.222 {metaspace Before GC invocations=98 (full 0):
 Metaspace       used 17455K, committed 17728K, reserved 1114112K
  class space    used 1563K, committed 1664K, reserved 1048576K
}
Event: 653.225 {metaspace After GC invocations=99 (full 0):
 Metaspace       used 17455K, committed 17728K, reserved 1114112K
  class space    used 1563K, committed 1664K, reserved 1048576K
}
Event: 660.160 {metaspace Before GC invocations=99 (full 0):
 Metaspace       used 17455K, committed 17728K, reserved 1114112K
  class space    used 1563K, committed 1664K, reserved 1048576K
}
Event: 660.161 {metaspace After GC invocations=100 (full 0):
 Metaspace       used 17455K, committed 17728K, reserved 1114112K
  class space    used 1563K, committed 1664K, reserved 1048576K
}
Event: 667.288 {metaspace Before GC invocations=100 (full 0):
 Metaspace       used 17455K, committed 17728K, reserved 1114112K
  class space    used 1563K, committed 1664K, reserved 1048576K
}
Event: 667.290 {metaspace After GC invocations=101 (full 0):
 Metaspace       used 17455K, committed 17728K, reserved 1114112K
  class space    used 1563K, committed 1664K, reserved 1048576K
}
Event: 674.353 {metaspace Before GC invocations=101 (full 0):
 Metaspace       used 17455K, committed 17728K, reserved 1114112K
  class space    used 1563K, committed 1664K, reserved 1048576K
}
Event: 674.355 {metaspace After GC invocations=102 (full 0):
 Metaspace       used 17455K, committed 17728K, reserved 1114112K
  class space    used 1563K, committed 1664K, reserved 1048576K
}
Event: 681.580 {metaspace Before GC invocations=102 (full 0):
 Metaspace       used 17455K, committed 17728K, reserved 1114112K
  class space    used 1563K, committed 1664K, reserved 1048576K
}
Event: 681.582 {metaspace After GC invocations=103 (full 0):
 Metaspace       used 17455K, committed 17728K, reserved 1114112K
  class space    used 1563K, committed 1664K, reserved 1048576K
}

Dll operation events (14 events):
Event: 0.036 Loaded shared library /Library/Java/JavaVirtualMachines/jdk-25.jdk/Contents/Home/lib/libjava.dylib
Event: 0.151 Loaded shared library /Library/Java/JavaVirtualMachines/jdk-25.jdk/Contents/Home/lib/libzip.dylib
Event: 0.153 Loaded shared library /Library/Java/JavaVirtualMachines/jdk-25.jdk/Contents/Home/lib/libinstrument.dylib
Event: 0.158 Loaded shared library /Library/Java/JavaVirtualMachines/jdk-25.jdk/Contents/Home/lib/libnio.dylib
Event: 0.168 Loaded shared library /Library/Java/JavaVirtualMachines/jdk-25.jdk/Contents/Home/lib/libzip.dylib
Event: 0.184 Loaded shared library /Library/Java/JavaVirtualMachines/jdk-25.jdk/Contents/Home/lib/libnet.dylib
Event: 0.200 Loaded shared library /Library/Java/JavaVirtualMachines/jdk-25.jdk/Contents/Home/lib/libjimage.dylib
Event: 0.250 Loaded shared library /Library/Java/JavaVirtualMachines/jdk-25.jdk/Contents/Home/lib/libextnet.dylib
Event: 0.273 Loaded shared library /Library/Java/JavaVirtualMachines/jdk-25.jdk/Contents/Home/lib/libawt.dylib
Event: 0.331 Loaded shared library /Library/Java/JavaVirtualMachines/jdk-25.jdk/Contents/Home/lib/libawt_lwawt.dylib
Event: 0.341 Loaded shared library /Library/Java/JavaVirtualMachines/jdk-25.jdk/Contents/Home/lib/libmanagement.dylib
Event: 0.358 Loaded shared library /Library/Java/JavaVirtualMachines/jdk-25.jdk/Contents/Home/lib/libmanagement_ext.dylib
Event: 0.378 Loaded shared library /Library/Java/JavaVirtualMachines/jdk-25.jdk/Contents/Home/lib/libfontmanager.dylib
Event: 1.664 Loaded shared library /Library/Java/JavaVirtualMachines/jdk-25.jdk/Contents/Home/lib/libosxui.dylib

Deoptimization events (20 events):
Event: 256.995 Thread 0x000000012ea34200 Uncommon trap: trap_request=0xffffffbe fr.pc=0x0000000112d63184 relative=0x0000000000001ec4
Event: 256.995 Thread 0x000000012ea34200 Uncommon trap: reason=profile_predicate action=maybe_recompile pc=0x0000000112d63184 method=sun.java2d.marlin.DMarlinRenderingEngine.pathToLoop([DLjava/awt/geom/PathIterator;Lsun/java2d/marlin/DPathConsumer2D;)V @ 8 c2
Event: 256.995 Thread 0x000000012ea34200 DEOPT PACKING pc=0x0000000112d63184 sp=0x000000017bee12b0
Event: 256.995 Thread 0x000000012ea34200 DEOPT UNPACKING pc=0x00000001126ad4dc sp=0x000000017bee12a0 mode 2
Event: 301.627 Thread 0x000000014aa88e00 Uncommon trap: trap_request=0xffffff45 fr.pc=0x0000000112c5cd28 relative=0x00000000000049a8
Event: 301.628 Thread 0x000000014aa88e00 Uncommon trap: reason=unstable_if action=reinterpret pc=0x0000000112c5cd28 method=java.io.ObjectStreamField.isPrimitive()Z @ 14 c2
Event: 301.628 Thread 0x000000014aa88e00 DEOPT PACKING pc=0x0000000112c5cd28 sp=0x000000033cff5e70
Event: 301.628 Thread 0x000000014aa88e00 DEOPT UNPACKING pc=0x00000001126ad4dc sp=0x000000033cff5cf0 mode 2
Event: 301.628 Thread 0x000000014aa88e00 Uncommon trap: trap_request=0xffffff45 fr.pc=0x0000000112c6ba88 relative=0x0000000000000b08
Event: 301.628 Thread 0x000000014aa88e00 Uncommon trap: reason=unstable_if action=reinterpret pc=0x0000000112c6ba88 method=java.io.ObjectStreamClass$FieldReflector.getObjFieldValues(Ljava/lang/Object;[Ljava/lang/Object;)V @ 39 c2
Event: 301.628 Thread 0x000000014aa88e00 DEOPT PACKING pc=0x0000000112c6ba88 sp=0x000000033cff5ea0
Event: 301.628 Thread 0x000000014aa88e00 DEOPT UNPACKING pc=0x00000001126ad4dc sp=0x000000033cff5d10 mode 2
Event: 301.628 Thread 0x000000014aa88e00 Uncommon trap: trap_request=0xffffff45 fr.pc=0x0000000112cf2fe8 relative=0x0000000000001e68
Event: 301.628 Thread 0x000000014aa88e00 Uncommon trap: reason=unstable_if action=reinterpret pc=0x0000000112cf2fe8 method=java.io.ObjectOutputStream.writeObject0(Ljava/lang/Object;Z)V @ 459 c2
Event: 301.628 Thread 0x000000014aa88e00 DEOPT PACKING pc=0x0000000112cf2fe8 sp=0x000000033cff5d90
Event: 301.628 Thread 0x000000014aa88e00 DEOPT UNPACKING pc=0x00000001126ad4dc sp=0x000000033cff5d40 mode 2
Event: 554.026 Thread 0x000000012ea34200 Uncommon trap: trap_request=0xffffff45 fr.pc=0x0000000112d0841c relative=0x00000000000036dc
Event: 554.027 Thread 0x000000012ea34200 Uncommon trap: reason=unstable_if action=reinterpret pc=0x0000000112d0841c method=sun.java2d.pipe.BufferedContext.validate(Lsun/java2d/pipe/hw/AccelSurface;Lsun/java2d/pipe/hw/AccelSurface;Lsun/java2d/pipe/Region;Ljava/awt/Composite;Ljava/awt/geom/AffineT
Event: 554.027 Thread 0x000000012ea34200 DEOPT PACKING pc=0x0000000112d0841c sp=0x000000017bee18b0
Event: 554.027 Thread 0x000000012ea34200 DEOPT UNPACKING pc=0x00000001126ad4dc sp=0x000000017bee1850 mode 2

Classes loaded (20 events):
Event: 205.582 Loading class java/net/FileNameMap done
Event: 205.582 Loading class java/net/URLConnection$1 done
Event: 205.582 Loading class sun/net/www/MimeTable
Event: 205.582 Loading class sun/net/www/MimeTable done
Event: 205.582 Loading class sun/net/www/MimeTable$DefaultInstanceHolder
Event: 205.582 Loading class sun/net/www/MimeTable$DefaultInstanceHolder done
Event: 205.585 Loading class sun/net/www/MimeEntry
Event: 205.585 Loading class sun/net/www/MimeEntry done
Event: 205.607 Loading class sun/text/resources/cldr/FormatData_en_US
Event: 205.607 Loading class sun/text/resources/cldr/FormatData_en_US done
Event: 207.750 Loading class java/util/concurrent/locks/AbstractQueuedLongSynchronizer$Node
Event: 207.751 Loading class java/util/concurrent/locks/AbstractQueuedLongSynchronizer$Node done
Event: 210.973 Loading class java/awt/image/BufferedImageOp
Event: 210.973 Loading class java/awt/image/BufferedImageOp done
Event: 216.340 Loading class javax/swing/text/GapContent$RemoveUndo
Event: 216.341 Loading class javax/swing/text/GapContent$RemoveUndo done
Event: 216.341 Loading class javax/swing/text/GapContent$UndoPosRef
Event: 216.341 Loading class javax/swing/text/GapContent$UndoPosRef done
Event: 218.707 Loading class java/awt/geom/Line2D
Event: 218.707 Loading class java/awt/geom/Line2D done

Classes unloaded (0 events):
No events

Classes redefined (0 events):
No events

Internal exceptions (20 events):
Event: 2.255 Thread 0x000000012e809c00 Exception <a 'java/lang/NoSuchMethodError'{0x0000000786957150}: 'void java.lang.invoke.DirectMethodHandle$Holder.invokeStatic(java.lang.Object, java.lang.Object, long)'> (0x0000000786957150) 
thrown [open/src/hotspot/share/interpreter/linkResolver.cpp, line 804]
Event: 2.281 Thread 0x000000011f10f800 Exception <a 'java/lang/NoSuchMethodError'{0x0000000787adcc50}: 'void java.lang.invoke.DirectMethodHandle$Holder.invokeSpecial(java.lang.Object, java.lang.Object, long)'> (0x0000000787adcc50) 
thrown [open/src/hotspot/share/interpreter/linkResolver.cpp, line 804]
Event: 2.592 Thread 0x000000012e809c00 Exception <a 'java/lang/NoSuchMethodError'{0x00000007868c0250}: 'void java.lang.invoke.DirectMethodHandle$Holder.invokeStatic(java.lang.Object, long, long)'> (0x00000007868c0250) 
thrown [open/src/hotspot/share/interpreter/linkResolver.cpp, line 804]
Event: 2.593 Thread 0x000000012e809c00 Exception <a 'java/lang/NoSuchMethodError'{0x00000007868cee40}: 'java.lang.Object java.lang.invoke.DirectMethodHandle$Holder.newInvokeSpecial(java.lang.Object, long)'> (0x00000007868cee40) 
thrown [open/src/hotspot/share/interpreter/linkResolver.cpp, line 804]
Event: 2.596 Thread 0x000000012e809c00 Exception <a 'java/lang/NoSuchMethodError'{0x00000007868f4ce0}: 'java.lang.Object java.lang.invoke.DirectMethodHandle$Holder.newInvokeSpecial(java.lang.Object, java.lang.Object, int)'> (0x00000007868f4ce0) 
thrown [open/src/hotspot/share/interpreter/linkResolver.cpp, line 804]
Event: 2.687 Thread 0x000000012ea34200 Exception <a 'java/lang/NoSuchMethodError'{0x00000007869c82e0}: 'java.lang.Object java.lang.invoke.DirectMethodHandle$Holder.newInvokeSpecial(java.lang.Object, int, java.lang.Object)'> (0x00000007869c82e0) 
thrown [open/src/hotspot/share/interpreter/linkResolver.cpp, line 804]
Event: 5.775 Thread 0x000000012d952400 Exception <a 'java/lang/InterruptedException'{0x0000000786fbad50}: sleep interrupted> (0x0000000786fbad50) 
thrown [open/src/hotspot/share/prims/jvm.cpp, line 2882]
Event: 5.854 Thread 0x000000012e809c00 Exception <a 'java/lang/NoSuchMethodError'{0x0000000786dcfd78}: 'void java.lang.invoke.DirectMethodHandle$Holder.invokeVirtual(java.lang.Object, java.lang.Object)'> (0x0000000786dcfd78) 
thrown [open/src/hotspot/share/interpreter/linkResolver.cpp, line 804]
Event: 179.110 Thread 0x000000012ea34200 Implicit null exception at 0x0000000112c639b8 to 0x0000000112c6990c
Event: 181.168 Thread 0x000000012ea34200 Implicit null exception at 0x0000000112c4a144 to 0x0000000112c4a378
Event: 181.201 Thread 0x000000011f952000 Exception <a 'java/lang/InterruptedException'{0x00000007846c0d50}: sleep interrupted> (0x00000007846c0d50) 
thrown [open/src/hotspot/share/prims/jvm.cpp, line 2882]
Event: 181.925 Thread 0x000000012ea34200 Exception <a 'java/lang/NoSuchMethodError'{0x0000000787eee6e8}: 'void java.lang.invoke.DirectMethodHandle$Holder.invokeSpecial(java.lang.Object, java.lang.Object, java.lang.Object, java.lang.Object, java.lang.Object)'> (0x0000000787eee6e8) 
thrown [open/src/hotspot/share/interpreter/linkResolver.cpp, line 804]
Event: 190.482 Thread 0x000000011fb40c00 Exception <a 'java/lang/NoSuchMethodError'{0x0000000784a00ac8}: 'void java.lang.invoke.DirectMethodHandle$Holder.invokeSpecial(java.lang.Object, java.lang.Object, int)'> (0x0000000784a00ac8) 
thrown [open/src/hotspot/share/interpreter/linkResolver.cpp, line 804]
Event: 205.399 Thread 0x000000011f30e800 Implicit null exception at 0x0000000112cdae64 to 0x0000000112cdc050
Event: 205.580 Thread 0x000000012ea34200 Exception <a 'java/io/FileNotFoundException'{0x0000000789e59f80}> (0x0000000789e59f80) 
thrown [open/src/hotspot/share/prims/jni.cpp, line 516]
Event: 205.624 Thread 0x000000011f30e800 Exception <a 'java/lang/InterruptedException'{0x0000000789311700}: sleep interrupted> (0x0000000789311700) 
thrown [open/src/hotspot/share/prims/jvm.cpp, line 2882]
Event: 206.345 Thread 0x000000011f952000 Exception <a 'java/lang/InterruptedException'{0x0000000792cfc830}: sleep interrupted> (0x0000000792cfc830) 
thrown [open/src/hotspot/share/prims/jvm.cpp, line 2882]
Event: 216.744 Thread 0x000000011f308400 Exception <a 'java/lang/NoSuchMethodError'{0x00000007928269f8}: 'void java.lang.invoke.DirectMethodHandle$Holder.invokeSpecial(java.lang.Object, java.lang.Object, int, int)'> (0x00000007928269f8) 
thrown [open/src/hotspot/share/interpreter/linkResolver.cpp, line 804]
Event: 216.747 Thread 0x000000011f308400 Exception <a 'java/lang/NoSuchMethodError'{0x0000000792831b20}: 'java.lang.Object java.lang.invoke.DirectMethodHandle$Holder.newInvokeSpecial(java.lang.Object, java.lang.Object, int, int)'> (0x0000000792831b20) 
thrown [open/src/hotspot/share/interpreter/linkResolver.cpp, line 804]
Event: 554.026 Thread 0x000000012ea34200 Implicit null exception at 0x0000000112d052d0 to 0x0000000112d083ec

VM Operations (20 events):
Event: 631.880 Executing safepoint VM operation: G1CollectForAllocation (G1 Evacuation Pause)
Event: 631.882 Executing safepoint VM operation: G1CollectForAllocation (G1 Evacuation Pause) done
Event: 639.032 Executing safepoint VM operation: G1CollectForAllocation (G1 Evacuation Pause)
Event: 639.036 Executing safepoint VM operation: G1CollectForAllocation (G1 Evacuation Pause) done
Event: 646.152 Executing safepoint VM operation: G1CollectForAllocation (G1 Evacuation Pause)
Event: 646.153 Executing safepoint VM operation: G1CollectForAllocation (G1 Evacuation Pause) done
Event: 653.222 Executing safepoint VM operation: G1CollectForAllocation (G1 Evacuation Pause)
Event: 653.225 Executing safepoint VM operation: G1CollectForAllocation (G1 Evacuation Pause) done
Event: 660.160 Executing safepoint VM operation: G1CollectForAllocation (G1 Evacuation Pause)
Event: 660.161 Executing safepoint VM operation: G1CollectForAllocation (G1 Evacuation Pause) done
Event: 661.384 Executing non-safepoint VM operation: HandshakeAllThreads (HandshakeForDeflation)
Event: 661.384 Executing non-safepoint VM operation: HandshakeAllThreads (HandshakeForDeflation) done
Event: 661.384 Executing non-safepoint VM operation: RendezvousGCThreads
Event: 661.384 Executing non-safepoint VM operation: RendezvousGCThreads done
Event: 667.287 Executing safepoint VM operation: G1CollectForAllocation (G1 Evacuation Pause)
Event: 667.290 Executing safepoint VM operation: G1CollectForAllocation (G1 Evacuation Pause) done
Event: 674.353 Executing safepoint VM operation: G1CollectForAllocation (G1 Evacuation Pause)
Event: 674.355 Executing safepoint VM operation: G1CollectForAllocation (G1 Evacuation Pause) done
Event: 681.580 Executing safepoint VM operation: G1CollectForAllocation (G1 Evacuation Pause)
Event: 681.582 Executing safepoint VM operation: G1CollectForAllocation (G1 Evacuation Pause) done

Memory protections (20 events):
Event: 181.918 Protecting memory [0x0000000334b44000,0x0000000334b50000] with protection modes 0
Event: 181.939 Protecting memory [0x0000000334d50000,0x0000000334d5c000] with protection modes 0
Event: 186.896 Protecting memory [0x0000000334f5c000,0x0000000334f68000] with protection modes 0
Event: 186.925 Protecting memory [0x0000000334b44000,0x0000000334b50000] with protection modes 3
Event: 187.866 Protecting memory [0x0000000334f5c000,0x0000000334f68000] with protection modes 3
Event: 187.867 Protecting memory [0x0000000334f5c000,0x0000000334f68000] with protection modes 0
Event: 190.372 Protecting memory [0x0000000334f5c000,0x0000000334f68000] with protection modes 3
Event: 190.376 Protecting memory [0x0000000334f5c000,0x0000000334f68000] with protection modes 0
Event: 190.482 Protecting memory [0x00000003379c8000,0x00000003379d4000] with protection modes 0
Event: 191.265 Protecting memory [0x00000003384c8000,0x00000003384d4000] with protection modes 0
Event: 191.502 Protecting memory [0x00000003398b4000,0x00000003398c0000] with protection modes 0
Event: 196.506 Protecting memory [0x0000000334f5c000,0x0000000334f68000] with protection modes 3
Event: 200.085 Protecting memory [0x00000003379c8000,0x00000003379d4000] with protection modes 3
Event: 201.020 Protecting memory [0x00000003384c8000,0x00000003384d4000] with protection modes 3
Event: 201.288 Protecting memory [0x00000003398b4000,0x00000003398c0000] with protection modes 3
Event: 205.267 Protecting memory [0x0000000334f5c000,0x0000000334f68000] with protection modes 0
Event: 205.569 Protecting memory [0x00000003379c8000,0x00000003379d4000] with protection modes 0
Event: 211.351 Protecting memory [0x0000000332408000,0x0000000332414000] with protection modes 3
Event: 242.062 Protecting memory [0x000000033cdf4000,0x000000033ce00000] with protection modes 0
Event: 317.174 Protecting memory [0x000000017c11c000,0x000000017c128000] with protection modes 3

Nmethod flushes (0 events):
No events

Events (20 events):
Event: 181.918 Thread 0x000000012ea34200 Thread added: 0x000000014aaad400
Event: 181.939 Thread 0x000000012ea34200 Thread added: 0x000000012f347600
Event: 186.896 Thread 0x000000012ea34200 Thread added: 0x000000014a8e8e00
Event: 186.925 Thread 0x000000014aaad400 Thread exited: 0x000000014aaad400
Event: 187.866 Thread 0x000000014a8e8e00 Thread exited: 0x000000014a8e8e00
Event: 187.867 Thread 0x000000012ea34200 Thread added: 0x000000014aae8600
Event: 190.373 Thread 0x000000014aae8600 Thread exited: 0x000000014aae8600
Event: 190.376 Thread 0x000000012ea34200 Thread added: 0x000000012e9f7c00
Event: 190.482 Thread 0x000000012ea34200 Thread added: 0x000000011fb40c00
Event: 191.265 Thread 0x000000012ea34200 Thread added: 0x000000011fb3fc00
Event: 191.502 Thread 0x000000012ea34200 Thread added: 0x000000011fb40400
Event: 196.506 Thread 0x000000012e9f7c00 Thread exited: 0x000000012e9f7c00
Event: 200.086 Thread 0x000000011fb40c00 Thread exited: 0x000000011fb40c00
Event: 201.020 Thread 0x000000011fb3fc00 Thread exited: 0x000000011fb3fc00
Event: 201.288 Thread 0x000000011fb40400 Thread exited: 0x000000011fb40400
Event: 205.267 Thread 0x000000012ea34200 Thread added: 0x000000011f30e800
Event: 205.569 Thread 0x000000012ea34200 Thread added: 0x000000011f308400
Event: 211.351 Thread 0x000000011f952000 Thread exited: 0x000000011f952000
Event: 242.061 Thread 0x000000012d913600 Thread added: 0x000000014aa88e00
Event: 317.174 Thread 0x000000014a80ac00 Thread exited: 0x000000014a80ac00


Dynamic libraries:
0x00000001005bc000 	/Library/Java/JavaVirtualMachines/jdk-25.jdk/Contents/Home/lib/libjli.dylib
0x000000019f22e000 	/System/Library/Frameworks/ApplicationServices.framework/Versions/A/ApplicationServices
0x000000018b96d000 	/System/Library/Frameworks/CoreGraphics.framework/Versions/A/CoreGraphics
0x0000000187ee3000 	/System/Library/Frameworks/CoreText.framework/Versions/A/CoreText
0x000000019121e000 	/System/Library/Frameworks/ImageIO.framework/Versions/A/ImageIO
0x000000018c09d000 	/System/Library/Frameworks/ColorSync.framework/Versions/A/ColorSync
0x0000000197440000 	/System/Library/Frameworks/ApplicationServices.framework/Versions/A/Frameworks/ATS.framework/Versions/A/ATS
0x000000019b06f000 	/System/Library/Frameworks/CoreServices.framework/Versions/A/CoreServices
0x000000018c253000 	/System/Library/Frameworks/ApplicationServices.framework/Versions/A/Frameworks/HIServices.framework/Versions/A/HIServices
0x0000000195cfc000 	/System/Library/Frameworks/ApplicationServices.framework/Versions/A/Frameworks/PrintCore.framework/Versions/A/PrintCore
0x0000000197833000 	/System/Library/Frameworks/ApplicationServices.framework/Versions/A/Frameworks/QD.framework/Versions/A/QD
0x000000019782a000 	/System/Library/Frameworks/ApplicationServices.framework/Versions/A/Frameworks/ColorSyncLegacy.framework/Versions/A/ColorSyncLegacy
0x0000000197412000 	/System/Library/Frameworks/ApplicationServices.framework/Versions/A/Frameworks/SpeechSynthesis.framework/Versions/A/SpeechSynthesis
0x0000000193649000 	/usr/lib/libSystem.B.dylib
0x000000018b447000 	/System/Library/PrivateFrameworks/SkyLight.framework/Versions/A/SkyLight
0x000000018cb27000 	/System/Library/PrivateFrameworks/ProtocolBuffer.framework/Versions/A/ProtocolBuffer
0x000000019364e000 	/System/Library/PrivateFrameworks/SoftLinking.framework/Versions/A/SoftLinking
0x0000000188c42000 	/usr/lib/libicucore.A.dylib
0x000000018e009000 	/System/Library/PrivateFrameworks/CoreAnalytics.framework/Versions/A/CoreAnalytics
0x0000000190bee000 	/System/Library/PrivateFrameworks/FontServices.framework/libFontParser.dylib
0x000000019b31b000 	/System/Library/Frameworks/Accelerate.framework/Versions/A/Accelerate
0x00000001907d4000 	/System/Library/Frameworks/IOSurface.framework/Versions/A/IOSurface
0x000000018ecae000 	/usr/lib/libxml2.2.dylib
0x000000018afaa000 	/System/Library/Frameworks/CFNetwork.framework/Versions/A/CFNetwork
0x0000000185475000 	/System/Library/Frameworks/CoreFoundation.framework/Versions/A/CoreFoundation
0x0000000186a65000 	/System/Library/Frameworks/Foundation.framework/Versions/C/Foundation
0x0000000193593000 	/usr/lib/libz.1.dylib
0x000000018500c000 	/usr/lib/libobjc.A.dylib
0x0000000185319000 	/usr/lib/libc++.1.dylib
0x0000000188837000 	/System/Library/Frameworks/Security.framework/Versions/A/Security
0x00000002339a3000 	/System/Library/PrivateFrameworks/CollectionsInternal.framework/Versions/A/CollectionsInternal
0x0000000196b86000 	/usr/lib/swift/libswiftCore.dylib
0x00000001ae82e000 	/usr/lib/swift/libswiftCoreFoundation.dylib
0x00000001abc42000 	/usr/lib/swift/libswiftDarwin.dylib
0x000000019cb67000 	/usr/lib/swift/libswiftDispatch.dylib
0x00000001ae889000 	/usr/lib/swift/libswiftIOKit.dylib
0x000000019f7d4000 	/usr/lib/swift/libswiftObjectiveC.dylib
0x00000001ae840000 	/usr/lib/swift/libswiftXPC.dylib
0x000000026e190000 	/usr/lib/swift/libswift_Builtin_float.dylib
0x000000026e385000 	/usr/lib/swift/libswift_errno.dylib
0x000000026e387000 	/usr/lib/swift/libswift_math.dylib
0x000000026e38a000 	/usr/lib/swift/libswift_signal.dylib
0x000000026e38b000 	/usr/lib/swift/libswift_stdio.dylib
0x000000026e38c000 	/usr/lib/swift/libswift_time.dylib
0x000000026e38d000 	/usr/lib/swift/libswiftsys_time.dylib
0x000000026e38e000 	/usr/lib/swift/libswiftunistd.dylib
0x000000018ce78000 	/System/Library/PrivateFrameworks/RunningBoardServices.framework/Versions/A/RunningBoardServices
0x000000018b392000 	/usr/lib/libMobileGestalt.dylib
0x000000018b424000 	/System/Library/PrivateFrameworks/TCC.framework/Versions/A/TCC
0x00000001a26b7000 	/System/Library/PrivateFrameworks/IOSurfaceAccelerator.framework/Versions/A/IOSurfaceAccelerator
0x00000001956de000 	/System/Library/PrivateFrameworks/WatchdogClient.framework/Versions/A/WatchdogClient
0x0000000193876000 	/usr/lib/libcompression.dylib
0x000000018e03a000 	/usr/lib/libDiagnosticMessagesClient.dylib
0x00000001866c9000 	/System/Library/Frameworks/SystemConfiguration.framework/Versions/A/SystemConfiguration
0x0000000187a0a000 	/System/Library/Frameworks/CoreDisplay.framework/Versions/A/CoreDisplay
0x0000000192713000 	/System/Library/PrivateFrameworks/IOMobileFramebuffer.framework/Versions/A/IOMobileFramebuffer
0x0000000190a92000 	/System/Library/Frameworks/CoreMedia.framework/Versions/A/CoreMedia
0x00000001907ed000 	/System/Library/PrivateFrameworks/IOAccelerator.framework/Versions/A/IOAccelerator
0x000000018928d000 	/System/Library/Frameworks/IOKit.framework/Versions/A/IOKit
0x00000001907f7000 	/System/Library/Frameworks/Metal.framework/Versions/A/Metal
0x000000018ed98000 	/System/Library/Frameworks/CoreVideo.framework/Versions/A/CoreVideo
0x000000019386e000 	/System/Library/Frameworks/MetalPerformanceShaders.framework/Versions/A/MetalPerformanceShaders
0x00000001956e0000 	/System/Library/PrivateFrameworks/MultitouchSupport.framework/Versions/A/MultitouchSupport
0x000000018e541000 	/System/Library/Frameworks/QuartzCore.framework/Versions/A/QuartzCore
0x0000000192a3b000 	/usr/lib/libbsm.0.dylib
0x0000000252ced000 	/System/Library/PrivateFrameworks/ProDisplayLibrary.framework/Versions/A/ProDisplayLibrary
0x0000000195726000 	/System/Library/Frameworks/VideoToolbox.framework/Versions/A/VideoToolbox
0x00000001bb3df000 	/usr/lib/swift/libswiftMetal.dylib
0x00000001ca3b5000 	/usr/lib/swift/libswiftOSLog.dylib
0x00000001c0806000 	/usr/lib/swift/libswiftQuartzCore.dylib
0x00000001c4e49000 	/usr/lib/swift/libswiftUniformTypeIdentifiers.dylib
0x000000019f7d8000 	/usr/lib/swift/libswiftos.dylib
0x00000001b20dc000 	/usr/lib/swift/libswiftsimd.dylib
0x000000018ee39000 	/System/Library/PrivateFrameworks/UserManagement.framework/Versions/A/UserManagement
0x000000018cd93000 	/System/Library/PrivateFrameworks/BaseBoard.framework/Versions/A/BaseBoard
0x000000018ec28000 	/System/Library/Frameworks/CoreServices.framework/Versions/A/Frameworks/FSEvents.framework/Versions/A/FSEvents
0x0000000188f19000 	/System/Library/Frameworks/CoreServices.framework/Versions/A/Frameworks/CarbonCore.framework/Versions/A/CarbonCore
0x000000018e09d000 	/System/Library/Frameworks/CoreServices.framework/Versions/A/Frameworks/Metadata.framework/Versions/A/Metadata
0x000000019312b000 	/System/Library/Frameworks/CoreServices.framework/Versions/A/Frameworks/OSServices.framework/Versions/A/OSServices
0x0000000193798000 	/System/Library/Frameworks/CoreServices.framework/Versions/A/Frameworks/SearchKit.framework/Versions/A/SearchKit
0x000000018cee1000 	/System/Library/Frameworks/CoreServices.framework/Versions/A/Frameworks/AE.framework/Versions/A/AE
0x00000001859b4000 	/System/Library/Frameworks/CoreServices.framework/Versions/A/Frameworks/LaunchServices.framework/Versions/A/LaunchServices
0x0000000194bae000 	/System/Library/Frameworks/CoreServices.framework/Versions/A/Frameworks/DictionaryServices.framework/Versions/A/DictionaryServices
0x000000018ec36000 	/System/Library/Frameworks/CoreServices.framework/Versions/A/Frameworks/SharedFileList.framework/Versions/A/SharedFileList
0x000000019382d000 	/usr/lib/libapple_nghttp2.dylib
0x000000018cb42000 	/usr/lib/libsqlite3.dylib
0x0000000197869000 	/System/Library/Frameworks/GSS.framework/Versions/A/GSS
0x0000000195e13000 	/System/Library/PrivateFrameworks/InternationalSupport.framework/Versions/A/InternationalSupport
0x000000018b390000 	/usr/lib/libenergytrace.dylib
0x000000018cf6f000 	/System/Library/Frameworks/Network.framework/Versions/A/Network
0x000000018920c000 	/System/Library/PrivateFrameworks/CoreServicesInternal.framework/Versions/A/CoreServicesInternal
0x0000000193616000 	/usr/lib/liboah.dylib
0x000000019364b000 	/usr/lib/libfakelink.dylib
0x00000001853a6000 	/usr/lib/libc++abi.dylib
0x000000026d09d000 	/usr/lib/libRosetta.dylib
0x000000018ec64000 	/System/Library/PrivateFrameworks/CoreAutoLayout.framework/Versions/A/CoreAutoLayout
0x000000018e128000 	/System/Library/Frameworks/DiskArbitration.framework/Versions/A/DiskArbitration
0x00000001936a0000 	/usr/lib/libarchive.2.dylib
0x0000000191a1b000 	/usr/lib/liblangid.dylib
0x0000000198f6b000 	/System/Library/Frameworks/Combine.framework/Versions/A/Combine
0x000000025399c000 	/System/Library/PrivateFrameworks/ReflectionInternal.framework/Versions/A/ReflectionInternal
0x000000025466e000 	/System/Library/PrivateFrameworks/RuntimeInternal.framework/Versions/A/RuntimeInternal
0x000000026e121000 	/usr/lib/swift/libswiftSystem.dylib
0x000000026e193000 	/usr/lib/swift/libswift_Concurrency.dylib
0x000000026e2f2000 	/usr/lib/swift/libswift_StringProcessing.dylib
0x0000000193643000 	/usr/lib/system/libcache.dylib
0x00000001935fe000 	/usr/lib/system/libcommonCrypto.dylib
0x0000000193629000 	/usr/lib/system/libcompiler_rt.dylib
0x000000019361e000 	/usr/lib/system/libcopyfile.dylib
0x0000000185167000 	/usr/lib/system/libcorecrypto.dylib
0x000000018524d000 	/usr/lib/system/libdispatch.dylib
0x000000018540d000 	/usr/lib/system/libdyld.dylib
0x0000000193639000 	/usr/lib/system/libkeymgr.dylib
0x00000001935e1000 	/usr/lib/system/libmacho.dylib
0x0000000192a14000 	/usr/lib/system/libquarantine.dylib
0x0000000193636000 	/usr/lib/system/libremovefile.dylib
0x000000018b40c000 	/usr/lib/system/libsystem_asl.dylib
0x00000001850fc000 	/usr/lib/system/libsystem_blocks.dylib
0x0000000185297000 	/usr/lib/system/libsystem_c.dylib
0x000000019362d000 	/usr/lib/system/libsystem_collections.dylib
0x0000000191a08000 	/usr/lib/system/libsystem_configuration.dylib
0x00000001907a3000 	/usr/lib/system/libsystem_containermanager.dylib
0x0000000193124000 	/usr/lib/system/libsystem_coreservices.dylib
0x0000000188f0e000 	/usr/lib/system/libsystem_darwin.dylib
0x000000026e4c5000 	/usr/lib/system/libsystem_darwindirectory.dylib
0x000000019363a000 	/usr/lib/system/libsystem_dnssd.dylib
0x000000026e4c9000 	/usr/lib/system/libsystem_eligibility.dylib
0x0000000185294000 	/usr/lib/system/libsystem_featureflags.dylib
0x0000000185445000 	/usr/lib/system/libsystem_info.dylib
0x00000001935a2000 	/usr/lib/system/libsystem_m.dylib
0x0000000185206000 	/usr/lib/system/libsystem_malloc.dylib
0x000000018b375000 	/usr/lib/system/libsystem_networkextension.dylib
0x0000000189370000 	/usr/lib/system/libsystem_notify.dylib
0x0000000191a0d000 	/usr/lib/system/libsystem_sandbox.dylib
0x000000026e4d1000 	/usr/lib/system/libsystem_sanitizers.dylib
0x0000000193632000 	/usr/lib/system/libsystem_secinit.dylib
0x00000001853c4000 	/usr/lib/system/libsystem_kernel.dylib
0x000000018543d000 	/usr/lib/system/libsystem_platform.dylib
0x0000000185400000 	/usr/lib/system/libsystem_pthread.dylib
0x000000018cf66000 	/usr/lib/system/libsystem_symptoms.dylib
0x000000018514b000 	/usr/lib/system/libsystem_trace.dylib
0x000000019360c000 	/usr/lib/system/libunwind.dylib
0x0000000185100000 	/usr/lib/system/libxpc.dylib
0x00000001929da000 	/System/Library/PrivateFrameworks/BackgroundTaskManagement.framework/Versions/A/BackgroundTaskManagement
0x000000022f539000 	/System/Library/PrivateFrameworks/AppleKeyStore.framework/Versions/A/AppleKeyStore
0x000000026cef5000 	/usr/lib/libCoreEntitlements.dylib
0x000000024a975000 	/System/Library/PrivateFrameworks/MessageSecurity.framework/Versions/A/MessageSecurity
0x000000019310b000 	/System/Library/PrivateFrameworks/AppleFSCompression.framework/Versions/A/AppleFSCompression
0x0000000192a23000 	/usr/lib/libcoretls.dylib
0x0000000194c24000 	/usr/lib/libcoretls_cfhelpers.dylib
0x0000000193870000 	/usr/lib/libpam.2.dylib
0x0000000194c98000 	/usr/lib/libxar.1.dylib
0x0000000194c26000 	/System/Library/PrivateFrameworks/APFS.framework/Versions/A/APFS
0x000000025dbac000 	/System/Library/PrivateFrameworks/SwiftASN1Internal.framework/Versions/A/SwiftASN1Internal
0x0000000194ca7000 	/usr/lib/libutil.dylib
0x00000001935e5000 	/usr/lib/system/libkxld.dylib
0x0000000191a16000 	/System/Library/PrivateFrameworks/AppleSystemInfo.framework/Versions/A/AppleSystemInfo
0x00000001ae719000 	/System/Library/PrivateFrameworks/LoggingSupport.framework/Versions/A/LoggingSupport
0x000000019c028000 	/System/Library/PrivateFrameworks/PowerLog.framework/Versions/A/PowerLog
0x00000001ec22a000 	/System/Library/Frameworks/SwiftData.framework/Versions/A/SwiftData
0x000000018aa21000 	/System/Library/Frameworks/UniformTypeIdentifiers.framework/Versions/A/UniformTypeIdentifiers
0x000000018aed8000 	/usr/lib/libboringssl.dylib
0x000000018cf55000 	/usr/lib/libdns_services.dylib
0x00000001ad8cd000 	/usr/lib/libquic.dylib
0x0000000196b15000 	/usr/lib/libusrtcp.dylib
0x00000001d221f000 	/System/Library/PrivateFrameworks/InternalSwiftProtobuf.framework/Versions/A/InternalSwiftProtobuf
0x000000026e07e000 	/usr/lib/swift/libswiftDistributed.dylib
0x000000026e0aa000 	/usr/lib/swift/libswiftObservation.dylib
0x000000026e117000 	/usr/lib/swift/libswiftSynchronization.dylib
0x000000018afa9000 	/usr/lib/libnetwork.dylib
0x00000001bf445000 	/System/Library/PrivateFrameworks/OSAnalytics.framework/Versions/A/OSAnalytics
0x0000000193808000 	/System/Library/PrivateFrameworks/AppleSauce.framework/Versions/A/AppleSauce
0x000000019d2fd000 	/System/Library/PrivateFrameworks/CoreSymbolication.framework/Versions/A/CoreSymbolication
0x00000001cdeeb000 	/System/Library/PrivateFrameworks/Symbolication.framework/Versions/A/Symbolication
0x000000019d2d9000 	/System/Library/PrivateFrameworks/DebugSymbols.framework/Versions/A/DebugSymbols
0x000000026cdc0000 	/usr/lib/libAppleArchive.dylib
0x0000000193117000 	/usr/lib/libbz2.1.0.dylib
0x0000000194c05000 	/usr/lib/liblzma.5.dylib
0x00000001ae7a2000 	/System/Library/PrivateFrameworks/MallocStackLogging.framework/Versions/A/MallocStackLogging
0x0000000194df3000 	/System/Library/PrivateFrameworks/CrashReporterSupport.framework/Versions/A/CrashReporterSupport
0x00000001864c0000 	/System/Library/PrivateFrameworks/Lexicon.framework/Versions/A/Lexicon
0x0000000242cc5000 	/System/Library/PrivateFrameworks/IO80211.framework/Versions/A/IO80211
0x000000019cdff000 	/System/Library/PrivateFrameworks/FrontBoardServices.framework/Versions/A/FrontBoardServices
0x000000019294b000 	/System/Library/Frameworks/SecurityFoundation.framework/Versions/A/SecurityFoundation
0x0000000192aad000 	/usr/lib/libgermantok.dylib
0x0000000191b3a000 	/System/Library/PrivateFrameworks/LinguisticData.framework/Versions/A/LinguisticData
0x000000019cecc000 	/System/Library/PrivateFrameworks/BoardServices.framework/Versions/A/BoardServices
0x000000019293c000 	/System/Library/PrivateFrameworks/AssertionServices.framework/Versions/A/AssertionServices
0x000000019eb1c000 	/System/Library/PrivateFrameworks/BackBoardServices.framework/Versions/A/BackBoardServices
0x00000001955a7000 	/System/Library/PrivateFrameworks/AppleJPEG.framework/Versions/A/AppleJPEG
0x0000000195048000 	/usr/lib/libexpat.1.dylib
0x0000000195bd2000 	/System/Library/Frameworks/ImageIO.framework/Versions/A/Resources/libPng.dylib
0x0000000195bfd000 	/System/Library/Frameworks/ImageIO.framework/Versions/A/Resources/libTIFF.dylib
0x0000000195ce7000 	/System/Library/Frameworks/ImageIO.framework/Versions/A/Resources/libGIF.dylib
0x00000001955ed000 	/System/Library/Frameworks/ImageIO.framework/Versions/A/Resources/libJP2.dylib
0x0000000194d59000 	/usr/lib/libate.dylib
0x0000000195c8e000 	/System/Library/Frameworks/ImageIO.framework/Versions/A/Resources/libJPEG.dylib
0x0000000195c85000 	/System/Library/Frameworks/ImageIO.framework/Versions/A/Resources/libRadiance.dylib
0x000000018e131000 	/System/Library/Frameworks/Accelerate.framework/Versions/A/Frameworks/vImage.framework/Versions/A/vImage
0x000000019b04a000 	/System/Library/Frameworks/Accelerate.framework/Versions/A/Frameworks/vecLib.framework/Versions/A/vecLib
0x0000000194cdf000 	/System/Library/Frameworks/Accelerate.framework/Versions/A/Frameworks/vecLib.framework/Versions/A/libvMisc.dylib
0x0000000185e2c000 	/System/Library/Frameworks/Accelerate.framework/Versions/A/Frameworks/vecLib.framework/Versions/A/libBLAS.dylib
0x00000001e5d35000 	/System/Library/Frameworks/OpenGL.framework/Versions/A/OpenGL
0x000000023ea6c000 	/System/Library/PrivateFrameworks/GPUCompiler.framework/Versions/32023/Libraries/libllvm-flatbuffers.dylib
0x0000000239e69000 	/System/Library/PrivateFrameworks/FramePacing.framework/Versions/A/FramePacing
0x00000001e5d27000 	/System/Library/Frameworks/OpenGL.framework/Versions/A/Libraries/libCoreFSCache.dylib
0x000000023a9de000 	/System/Library/PrivateFrameworks/GPUCompiler.framework/Versions/32023/Libraries/libGPUCompilerUtils.dylib
0x00000001e5d85000 	/System/Library/Frameworks/OpenGL.framework/Versions/A/Libraries/libGLU.dylib
0x00000001e5d49000 	/System/Library/Frameworks/OpenGL.framework/Versions/A/Libraries/libGFXShared.dylib
0x00000001e5f11000 	/System/Library/Frameworks/OpenGL.framework/Versions/A/Libraries/libGL.dylib
0x00000001e5d52000 	/System/Library/Frameworks/OpenGL.framework/Versions/A/Libraries/libGLImage.dylib
0x00000001e5d46000 	/System/Library/Frameworks/OpenGL.framework/Versions/A/Libraries/libCVMSPluginSupport.dylib
0x00000001e5d2f000 	/System/Library/Frameworks/OpenGL.framework/Versions/A/Libraries/libCoreVMClient.dylib
0x000000019159d000 	/System/Library/Frameworks/CoreImage.framework/Versions/A/CoreImage
0x00000001a091d000 	/System/Library/PrivateFrameworks/ASEProcessing.framework/Versions/A/ASEProcessing
0x0000000251e5c000 	/System/Library/PrivateFrameworks/PhotosensitivityProcessing.framework/Versions/A/PhotosensitivityProcessing
0x0000000195220000 	/System/Library/PrivateFrameworks/GraphVisualizer.framework/Versions/A/GraphVisualizer
0x00000001926e0000 	/System/Library/PrivateFrameworks/CoreEmoji.framework/Versions/A/CoreEmoji
0x0000000239d9e000 	/System/Library/PrivateFrameworks/FontServices.framework/Versions/A/FontServices
0x000000019522c000 	/System/Library/PrivateFrameworks/OTSVG.framework/Versions/A/OTSVG
0x000000018e915000 	/System/Library/Frameworks/ApplicationServices.framework/Versions/A/Frameworks/ATS.framework/Versions/A/Resources/libFontRegistry.dylib
0x000000019291f000 	/System/Library/PrivateFrameworks/MobileKeyBag.framework/Versions/A/MobileKeyBag
0x0000000191a14000 	/System/Library/PrivateFrameworks/AggregateDictionary.framework/Versions/A/AggregateDictionary
0x000000026d481000 	/usr/lib/libhvf.dylib
0x000000024ebfb000 	/System/Library/PrivateFrameworks/ParsingInternal.framework/Versions/A/ParsingInternal
0x000000026e0c7000 	/usr/lib/swift/libswiftRegexBuilder.dylib
0x000000026e24f000 	/usr/lib/swift/libswift_RegexParser.dylib
0x0000000239d9f000 	/System/Library/PrivateFrameworks/FontServices.framework/libXTFontStaticRegistryData.dylib
0x0000000191958000 	/System/Library/Frameworks/MetalPerformanceShaders.framework/Versions/A/Frameworks/MPSCore.framework/Versions/A/MPSCore
0x0000000193076000 	/System/Library/Frameworks/MetalPerformanceShaders.framework/Versions/A/Frameworks/MPSImage.framework/Versions/A/MPSImage
0x0000000192ac5000 	/System/Library/Frameworks/MetalPerformanceShaders.framework/Versions/A/Frameworks/MPSNeuralNetwork.framework/Versions/A/MPSNeuralNetwork
0x0000000192efc000 	/System/Library/Frameworks/MetalPerformanceShaders.framework/Versions/A/Frameworks/MPSMatrix.framework/Versions/A/MPSMatrix
0x0000000192d11000 	/System/Library/Frameworks/MetalPerformanceShaders.framework/Versions/A/Frameworks/MPSRayIntersector.framework/Versions/A/MPSRayIntersector
0x0000000192f2e000 	/System/Library/Frameworks/MetalPerformanceShaders.framework/Versions/A/Frameworks/MPSNDArray.framework/Versions/A/MPSNDArray
0x00000001e961c000 	/System/Library/Frameworks/MetalPerformanceShaders.framework/Versions/A/Frameworks/MPSFunctions.framework/Versions/A/MPSFunctions
0x00000001e95fe000 	/System/Library/Frameworks/MetalPerformanceShaders.framework/Versions/A/Frameworks/MPSBenchmarkLoop.framework/Versions/A/MPSBenchmarkLoop
0x0000000185ca7000 	/System/Library/PrivateFrameworks/MetalTools.framework/Versions/A/MetalTools
0x00000001b3482000 	/System/Library/PrivateFrameworks/IOAccelMemoryInfo.framework/Versions/A/IOAccelMemoryInfo
0x00000001c0bfb000 	/System/Library/PrivateFrameworks/kperf.framework/Versions/A/kperf
0x00000001ae809000 	/System/Library/PrivateFrameworks/GPURawCounter.framework/Versions/A/GPURawCounter
0x00000001925ee000 	/System/Library/Frameworks/Accelerate.framework/Versions/A/Frameworks/vecLib.framework/Versions/A/libvDSP.dylib
0x000000019394c000 	/System/Library/Frameworks/Accelerate.framework/Versions/A/Frameworks/vecLib.framework/Versions/A/libLAPACK.dylib
0x0000000192ab0000 	/System/Library/Frameworks/Accelerate.framework/Versions/A/Frameworks/vecLib.framework/Versions/A/libLinearAlgebra.dylib
0x0000000193847000 	/System/Library/Frameworks/Accelerate.framework/Versions/A/Frameworks/vecLib.framework/Versions/A/libSparseBLAS.dylib
0x0000000193947000 	/System/Library/Frameworks/Accelerate.framework/Versions/A/Frameworks/vecLib.framework/Versions/A/libQuadrature.dylib
0x0000000191b41000 	/System/Library/Frameworks/Accelerate.framework/Versions/A/Frameworks/vecLib.framework/Versions/A/libBNNS.dylib
0x00000001865cd000 	/System/Library/Frameworks/Accelerate.framework/Versions/A/Frameworks/vecLib.framework/Versions/A/libSparse.dylib
0x0000000247d65000 	/System/Library/PrivateFrameworks/MIL.framework/Versions/A/MIL
0x000000019cf79000 	/System/Library/PrivateFrameworks/GraphicsServices.framework/Versions/A/GraphicsServices
0x0000000193685000 	/usr/lib/libiconv.2.dylib
0x00000001935e0000 	/usr/lib/libcharset.1.dylib
0x00000001927a4000 	/System/Library/PrivateFrameworks/CoreUtils.framework/Versions/A/CoreUtils
0x00000001e794e000 	/System/Library/Frameworks/ExtensionFoundation.framework/Versions/A/ExtensionFoundation
0x00000001ae80d000 	/usr/lib/swift/libswiftCoreAudio.dylib
0x0000000237404000 	/System/Library/PrivateFrameworks/CoreUtilsExtras.framework/Versions/A/CoreUtilsExtras
0x0000000194f47000 	/System/Library/PrivateFrameworks/PlugInKit.framework/Versions/A/PlugInKit
0x000000018ebfb000 	/System/Library/Frameworks/OpenDirectory.framework/Versions/A/OpenDirectory
0x000000018ec09000 	/System/Library/Frameworks/OpenDirectory.framework/Versions/A/Frameworks/CFOpenDirectory.framework/Versions/A/CFOpenDirectory
0x0000000188102000 	/System/Library/Frameworks/CoreAudio.framework/Versions/A/CoreAudio
0x000000019526d000 	/System/Library/PrivateFrameworks/AppServerSupport.framework/Versions/A/AppServerSupport
0x000000019783c000 	/System/Library/PrivateFrameworks/perfdata.framework/Versions/A/perfdata
0x0000000187b2b000 	/System/Library/PrivateFrameworks/AudioToolboxCore.framework/Versions/A/AudioToolboxCore
0x0000000190a6a000 	/System/Library/PrivateFrameworks/caulk.framework/Versions/A/caulk
0x00000001973f9000 	/usr/lib/libAudioStatistics.dylib
0x00000001ad9c6000 	/System/Library/PrivateFrameworks/SystemPolicy.framework/Versions/A/SystemPolicy
0x00000001976dd000 	/usr/lib/libSMC.dylib
0x00000001a1a43000 	/System/Library/Frameworks/CoreMIDI.framework/Versions/A/CoreMIDI
0x0000000195b9c000 	/usr/lib/libAudioToolboxUtility.dylib
0x000000019784a000 	/usr/lib/libperfcheck.dylib
0x00000002302f6000 	/System/Library/PrivateFrameworks/AudioAnalytics.framework/Versions/A/AudioAnalytics
0x00000001d9544000 	/System/Library/PrivateFrameworks/FeatureFlags.framework/Versions/A/FeatureFlags
0x00000001d1fe6000 	/System/Library/Frameworks/OSLog.framework/Versions/A/OSLog
0x00000001ae7d4000 	/usr/lib/libmis.dylib
0x000000018c6cc000 	/System/Library/Frameworks/CoreData.framework/Versions/A/CoreData
0x0000000195063000 	/usr/lib/libheimdal-asn1.dylib
0x000000026d100000 	/usr/lib/libTLE.dylib
0x000000019ece1000 	/System/Library/PrivateFrameworks/DiskImages.framework/Versions/A/DiskImages
0x00000001ab76b000 	/System/Library/Frameworks/NetFS.framework/Versions/A/NetFS
0x00000001950ba000 	/System/Library/PrivateFrameworks/IconServices.framework/Versions/A/IconServices
0x00000001e727a000 	/System/Library/Frameworks/CoreTransferable.framework/Versions/A/CoreTransferable
0x000000019506d000 	/System/Library/PrivateFrameworks/IconFoundation.framework/Versions/A/IconFoundation
0x000000018e967000 	/System/Library/PrivateFrameworks/CoreUI.framework/Versions/A/CoreUI
0x0000000195d73000 	/System/Library/PrivateFrameworks/TextureIO.framework/Versions/A/TextureIO
0x00000001911e3000 	/System/Library/PrivateFrameworks/CoreSVG.framework/Versions/A/CoreSVG
0x00000001c4e58000 	/usr/lib/swift/libswiftAccelerate.dylib
0x00000001971f1000 	/System/Library/Frameworks/AudioToolbox.framework/Versions/A/AudioToolbox
0x000000019739c000 	/System/Library/PrivateFrameworks/AudioSession.framework/Versions/A/AudioSession
0x000000019514d000 	/System/Library/PrivateFrameworks/MediaExperience.framework/Versions/A/MediaExperience
0x00000001971aa000 	/System/Library/PrivateFrameworks/AudioSession.framework/libSessionUtility.dylib
0x0000000195ced000 	/System/Library/PrivateFrameworks/CMCaptureCore.framework/Versions/A/CMCaptureCore
0x0000000195277000 	/usr/lib/libspindump.dylib
0x000000019d40a000 	/System/Library/PrivateFrameworks/CoreTime.framework/Versions/A/CoreTime
0x00000001a7fad000 	/usr/lib/libAccessibility.dylib
0x000000019b36b000 	/System/Library/Frameworks/MediaAccessibility.framework/Versions/A/MediaAccessibility
0x0000000263ea3000 	/System/Library/PrivateFrameworks/VideoToolboxParavirtualizationSupport.framework/Versions/A/VideoToolboxParavirtualizationSupport
0x0000000194fff000 	/System/Library/PrivateFrameworks/AppleVA.framework/Versions/A/AppleVA
0x000000019bf31000 	/System/Library/Frameworks/CoreBluetooth.framework/Versions/A/CoreBluetooth
0x0000000197a2e000 	/System/Library/PrivateFrameworks/CorePhoneNumbers.framework/Versions/A/CorePhoneNumbers
0x00000001e62ad000 	/System/Library/Frameworks/AVFAudio.framework/Versions/A/AVFAudio
0x0000000194dea000 	/usr/lib/libIOReport.dylib
0x000000022ff06000 	/System/Library/PrivateFrameworks/AppleMobileFileIntegrity.framework/Versions/A/AppleMobileFileIntegrity
0x00000001e2d83000 	/System/Library/PrivateFrameworks/ConfigProfileHelper.framework/Versions/A/ConfigProfileHelper
0x0000000192a4d000 	/usr/lib/libmecab.dylib
0x00000002465f4000 	/System/Library/PrivateFrameworks/IsolatedCoreAudioClient.framework/Versions/A/IsolatedCoreAudioClient
0x0000000198cd3000 	/System/Library/Frameworks/IOBluetooth.framework/Versions/A/IOBluetooth
0x0000000260667000 	/System/Library/PrivateFrameworks/Tightbeam.framework/Versions/A/Tightbeam
0x0000000234460000 	/System/Library/PrivateFrameworks/CoreAudioOrchestration.framework/Versions/A/CoreAudioOrchestration
0x00000001c551b000 	/System/Library/PrivateFrameworks/AFKUser.framework/Versions/A/AFKUser
0x000000019f72c000 	/System/Library/Frameworks/AudioUnit.framework/Versions/A/AudioUnit
0x0000000195c80000 	/System/Library/PrivateFrameworks/GPUWrangler.framework/Versions/A/GPUWrangler
0x0000000195c60000 	/System/Library/PrivateFrameworks/IOPresentment.framework/Versions/A/IOPresentment
0x0000000195c88000 	/System/Library/PrivateFrameworks/DSExternalDisplay.framework/Versions/A/DSExternalDisplay
0x000000018675d000 	/usr/lib/libCRFSuite.dylib
0x0000000191a1d000 	/System/Library/PrivateFrameworks/CoreNLP.framework/Versions/A/CoreNLP
0x0000000193800000 	/usr/lib/libThaiTokenizer.dylib
0x00000001ae888000 	/usr/lib/swift/libswiftCoreImage.dylib
0x000000019c119000 	/System/Library/PrivateFrameworks/MediaKit.framework/Versions/A/MediaKit
0x000000019c064000 	/System/Library/Frameworks/DiscRecording.framework/Versions/A/DiscRecording
0x000000019611b000 	/System/Library/PrivateFrameworks/DataDetectorsCore.framework/Versions/A/DataDetectorsCore
0x00000001b2185000 	/System/Library/PrivateFrameworks/TextInput.framework/Versions/A/TextInput
0x000000018a86f000 	/System/Library/PrivateFrameworks/UIFoundation.framework/Versions/A/UIFoundation
0x000000019781d000 	/System/Library/PrivateFrameworks/NetAuth.framework/Versions/A/NetAuth
0x000000018edf9000 	/System/Library/PrivateFrameworks/login.framework/Versions/A/Frameworks/loginsupport.framework/Versions/A/loginsupport
0x000000019ee9f000 	/usr/lib/libcurl.4.dylib
0x000000026d334000 	/usr/lib/libcrypto.46.dylib
0x000000026de5c000 	/usr/lib/libssl.48.dylib
0x000000019eb78000 	/System/Library/Frameworks/LDAP.framework/Versions/A/LDAP
0x0000000197858000 	/System/Library/Frameworks/Kerberos.framework/Versions/A/Kerberos
0x000000019ebb4000 	/System/Library/PrivateFrameworks/TrustEvaluationAgent.framework/Versions/A/TrustEvaluationAgent
0x00000001974db000 	/usr/lib/libsasl2.2.dylib
0x00000001974be000 	/usr/lib/libresolv.9.dylib
0x000000019527e000 	/System/Library/PrivateFrameworks/Heimdal.framework/Versions/A/Heimdal
0x000000019f72b000 	/System/Library/Frameworks/Kerberos.framework/Versions/A/Libraries/libHeimdalProxy.dylib
0x00000001978bb000 	/System/Library/PrivateFrameworks/CommonAuth.framework/Versions/A/CommonAuth
0x0000000192a17000 	/usr/lib/libCheckFix.dylib
0x000000018e03c000 	/System/Library/PrivateFrameworks/MetadataUtilities.framework/Versions/A/MetadataUtilities
0x00000002435a7000 	/System/Library/PrivateFrameworks/InstalledContentLibrary.framework/Versions/A/InstalledContentLibrary
0x000000018924c000 	/System/Library/PrivateFrameworks/CoreServicesStore.framework/Versions/A/CoreServicesStore
0x000000018ec60000 	/usr/lib/libapp_launch_measurement.dylib
0x00000001c0d05000 	/System/Library/PrivateFrameworks/MobileSystemServices.framework/Versions/A/MobileSystemServices
0x0000000194cab000 	/usr/lib/libxslt.1.dylib
0x00000001d23ed000 	/System/Library/PrivateFrameworks/HIDDisplay.framework/Versions/A/HIDDisplay
0x00000001a71cc000 	/System/Library/PrivateFrameworks/HID.framework/Versions/A/HID
0x0000000195cb9000 	/System/Library/Frameworks/ApplicationServices.framework/Versions/A/Frameworks/ATSUI.framework/Versions/A/ATSUI
0x00000001977be000 	/usr/lib/libcups.2.dylib
0x00000001a7ef1000 	/System/Library/PrivateFrameworks/AXCoreUtilities.framework/Versions/A/AXCoreUtilities
0x00000001b6e1e000 	/System/Library/PrivateFrameworks/AttributeGraph.framework/Versions/A/AttributeGraph
0x000000026cd3e000 	/usr/lib/libAXSafeCategoryBundle.dylib
0x00000001a1c16000 	/System/Library/Frameworks/Cocoa.framework/Versions/A/Cocoa
0x00000001893dd000 	/System/Library/Frameworks/AppKit.framework/Versions/C/AppKit
0x000000023397f000 	/System/Library/PrivateFrameworks/CollectionViewCore.framework/Versions/A/CollectionViewCore
0x000000019ac3c000 	/System/Library/PrivateFrameworks/RemoteViewServices.framework/Versions/A/RemoteViewServices
0x00000001911dd000 	/System/Library/PrivateFrameworks/XCTTargetBootstrap.framework/Versions/A/XCTTargetBootstrap
0x000000019616a000 	/System/Library/PrivateFrameworks/UserActivity.framework/Versions/A/UserActivity
0x00000002623ef000 	/System/Library/PrivateFrameworks/UIIntelligenceSupport.framework/Versions/A/UIIntelligenceSupport
0x00000001ec365000 	/System/Library/Frameworks/SwiftUICore.framework/Versions/A/SwiftUICore
0x0000000267468000 	/System/Library/PrivateFrameworks/WritingTools.framework/Versions/A/WritingTools
0x00000002664b0000 	/System/Library/PrivateFrameworks/WindowManagement.framework/Versions/A/WindowManagement
0x00000001911c8000 	/System/Library/PrivateFrameworks/DFRFoundation.framework/Versions/A/DFRFoundation
0x0000000190ec1000 	/System/Library/Frameworks/Carbon.framework/Versions/A/Frameworks/HIToolbox.framework/Versions/A/HIToolbox
0x000000019ac78000 	/System/Library/Frameworks/Carbon.framework/Versions/A/Frameworks/SpeechRecognition.framework/Versions/A/SpeechRecognition
0x00000001a652b000 	/System/Library/PrivateFrameworks/RenderBox.framework/Versions/A/RenderBox
0x000000018ebf1000 	/System/Library/PrivateFrameworks/PerformanceAnalysis.framework/Versions/A/PerformanceAnalysis
0x000000019aff0000 	/System/Library/Frameworks/Accessibility.framework/Versions/A/Accessibility
0x00000001e77fe000 	/System/Library/Frameworks/DataDetection.framework/Versions/A/DataDetection
0x00000001e7801000 	/System/Library/Frameworks/DeveloperToolsSupport.framework/Versions/A/DeveloperToolsSupport
0x00000001ecf28000 	/System/Library/Frameworks/Symbols.framework/Versions/A/Symbols
0x000000026e07d000 	/usr/lib/swift/libswiftDataDetection.dylib
0x00000001abc41000 	/usr/lib/swift/libswiftCoreGraphics.dylib
0x000000019b999000 	/usr/lib/swift/libswiftFoundation.dylib
0x00000001e280d000 	/usr/lib/swift/libswiftSwiftOnoneSupport.dylib
0x00000001ce69f000 	/System/Library/PrivateFrameworks/CoreMaterial.framework/Versions/A/CoreMaterial
0x0000000254765000 	/System/Library/PrivateFrameworks/SFSymbols.framework/Versions/A/SFSymbols
0x000000019ac65000 	/System/Library/PrivateFrameworks/SpeechRecognitionCore.framework/Versions/A/SpeechRecognitionCore
0x000000010185c000 	/Library/Java/JavaVirtualMachines/jdk-25.jdk/Contents/Home/lib/server/libjvm.dylib
0x0000000100624000 	/Library/Java/JavaVirtualMachines/jdk-25.jdk/Contents/Home/lib/libjimage.dylib
0x0000000100650000 	/Library/Java/JavaVirtualMachines/jdk-25.jdk/Contents/Home/lib/libinstrument.dylib
0x0000000100698000 	/Library/Java/JavaVirtualMachines/jdk-25.jdk/Contents/Home/lib/libjava.dylib
0x00000001013d0000 	/Library/Java/JavaVirtualMachines/jdk-25.jdk/Contents/Home/lib/libzip.dylib
0x0000000101600000 	/Library/Java/JavaVirtualMachines/jdk-25.jdk/Contents/Home/lib/libnio.dylib
0x0000000101620000 	/Library/Java/JavaVirtualMachines/jdk-25.jdk/Contents/Home/lib/libnet.dylib
0x00000001013a8000 	/Library/Java/JavaVirtualMachines/jdk-25.jdk/Contents/Home/lib/libextnet.dylib
0x00000001016c0000 	/Library/Java/JavaVirtualMachines/jdk-25.jdk/Contents/Home/lib/libawt.dylib
0x00000001e8885000 	/System/Library/Frameworks/JavaRuntimeSupport.framework/Versions/A/JavaRuntimeSupport
0x00000001ad3e9000 	/System/Library/Frameworks/Carbon.framework/Versions/A/Carbon
0x00000001a40e6000 	/System/Library/Frameworks/Carbon.framework/Versions/A/Frameworks/CommonPanels.framework/Versions/A/CommonPanels
0x000000019ee8a000 	/System/Library/Frameworks/Carbon.framework/Versions/A/Frameworks/Help.framework/Versions/A/Help
0x00000001a40ea000 	/System/Library/Frameworks/Carbon.framework/Versions/A/Frameworks/ImageCapture.framework/Versions/A/ImageCapture
0x00000001a40c6000 	/System/Library/Frameworks/Carbon.framework/Versions/A/Frameworks/OpenScripting.framework/Versions/A/OpenScripting
0x00000001a40e5000 	/System/Library/Frameworks/Carbon.framework/Versions/A/Frameworks/Ink.framework/Versions/A/Ink
0x00000001a40e2000 	/System/Library/Frameworks/Carbon.framework/Versions/A/Frameworks/SecurityHI.framework/Versions/A/SecurityHI
0x000000011e228000 	/Library/Java/JavaVirtualMachines/jdk-25.jdk/Contents/Home/lib/libawt_lwawt.dylib
0x0000000101664000 	/Library/Java/JavaVirtualMachines/jdk-25.jdk/Contents/Home/lib/libosxapp.dylib
0x00000001abca6000 	/System/Library/Frameworks/ExceptionHandling.framework/Versions/A/ExceptionHandling
0x00000001013bc000 	/Library/Java/JavaVirtualMachines/jdk-25.jdk/Contents/Home/lib/libmanagement.dylib
0x000000010163c000 	/Library/Java/JavaVirtualMachines/jdk-25.jdk/Contents/Home/lib/libmanagement_ext.dylib
0x000000011e4ac000 	/Library/Java/JavaVirtualMachines/jdk-25.jdk/Contents/Home/lib/libfontmanager.dylib
0x000000011e0f8000 	/Library/Java/JavaVirtualMachines/jdk-25.jdk/Contents/Home/lib/libfreetype.dylib
0x000000018eac0000 	/System/Library/PrivateFrameworks/ViewBridge.framework/Versions/A/ViewBridge
0x000000011e3a0000 	/usr/lib/libobjc-trampolines.dylib
0x00000001b7bac000 	/System/Library/CoreServices/RawCamera.bundle/Contents/MacOS/RawCamera
0x000000019f74f000 	/System/Library/PrivateFrameworks/StreamingZip.framework/Versions/A/StreamingZip
0x00000001978cc000 	/System/Library/PrivateFrameworks/MobileAsset.framework/Versions/A/MobileAsset
0x00000001b526b000 	/System/Library/PrivateFrameworks/SoftwareUpdateCoreSupport.framework/Versions/A/SoftwareUpdateCoreSupport
0x00000001bcbf8000 	/System/Library/PrivateFrameworks/SoftwareUpdateCoreConnect.framework/Versions/A/SoftwareUpdateCoreConnect
0x000000019eddf000 	/System/Library/PrivateFrameworks/RemoteServiceDiscovery.framework/Versions/A/RemoteServiceDiscovery
0x00000001b4ef1000 	/System/Library/PrivateFrameworks/MSUDataAccessor.framework/Versions/A/MSUDataAccessor
0x00000001b06ef000 	/usr/lib/libbootpolicy.dylib
0x000000019edf5000 	/System/Library/PrivateFrameworks/RemoteXPC.framework/Versions/A/RemoteXPC
0x00000001bc047000 	/usr/lib/libFDR.dylib
0x00000001c2178000 	/usr/lib/libamsupport.dylib
0x000000026d095000 	/usr/lib/libReverseProxyDevice.dylib
0x000000022ef24000 	/System/Library/PrivateFrameworks/AppleDeviceQuerySupport.framework/Versions/A/AppleDeviceQuerySupport
0x00000001c5050000 	/usr/lib/libpartition2_dynamic.dylib
0x000000022f365000 	/System/Library/PrivateFrameworks/AppleJPEGXL.framework/Versions/A/AppleJPEGXL
0x000000019e854000 	/System/Library/PrivateFrameworks/CoreWiFi.framework/Versions/A/CoreWiFi
0x000000026d940000 	/usr/lib/libmrc.dylib
0x0000000242d22000 	/System/Library/PrivateFrameworks/IPConfiguration.framework/Versions/A/IPConfiguration
0x00000001ce663000 	/System/Library/PrivateFrameworks/Netrb.framework/Versions/A/Netrb
0x00000001d95cc000 	/System/Library/PrivateFrameworks/WiFiPeerToPeer.framework/Versions/A/WiFiPeerToPeer
0x0000000193402000 	/System/Library/Frameworks/UserNotifications.framework/Versions/A/UserNotifications
0x0000000197a38000 	/usr/lib/libTelephonyUtilDynamic.dylib
0x00000001961d8000 	/System/Library/Frameworks/MediaToolbox.framework/Versions/A/MediaToolbox
0x000000019c240000 	/System/Library/PrivateFrameworks/CoreAVCHD.framework/Versions/A/CoreAVCHD
0x000000019c23c000 	/System/Library/PrivateFrameworks/Mangrove.framework/Versions/A/Mangrove
0x0000000231d4b000 	/System/Library/PrivateFrameworks/CMPhoto.framework/Versions/A/CMPhoto
0x000000019c99b000 	/System/Library/Frameworks/CoreTelephony.framework/Versions/A/CoreTelephony
0x000000019c22f000 	/System/Library/PrivateFrameworks/CoreAUC.framework/Versions/A/CoreAUC
0x00000001b4897000 	/System/Library/Frameworks/Accelerate.framework/Versions/A/Frameworks/vImage.framework/Versions/A/Libraries/libCGInterfaces.dylib
0x000000026cd42000 	/usr/lib/libAccessibilityBaseImplementations.dylib
0x000000026746d000 	/System/Library/PrivateFrameworks/WritingToolsUI.framework/Versions/A/WritingToolsUI
0x000000023fbc1000 	/System/Library/PrivateFrameworks/GenerativeAssistantSettings.framework/Versions/A/GenerativeAssistantSettings
0x000000025e8b2000 	/System/Library/PrivateFrameworks/TextComposer.framework/Versions/A/TextComposer
0x00000001ae835000 	/usr/lib/swift/libswiftIntents.dylib
0x000000026e0d9000 	/usr/lib/swift/libswiftSpatial.dylib
0x00000001e6406000 	/System/Library/Frameworks/AppIntents.framework/Versions/A/AppIntents
0x00000001b56f7000 	/System/Library/Frameworks/SwiftUI.framework/Versions/A/SwiftUI
0x00000001abd1d000 	/System/Library/Frameworks/WebKit.framework/Versions/A/WebKit
0x000000022b1e8000 	/System/Library/Frameworks/_AuthenticationServices_SwiftUI.framework/Versions/A/_AuthenticationServices_SwiftUI
0x000000022ddc6000 	/System/Library/PrivateFrameworks/Anvil.framework/Versions/A/Anvil
0x00000001b4d6c000 	/System/Library/PrivateFrameworks/AppStoreDaemon.framework/Versions/A/AppStoreDaemon
0x00000001a1c5e000 	/System/Library/PrivateFrameworks/AppleMediaServices.framework/Versions/A/AppleMediaServices
0x00000001b17f4000 	/System/Library/PrivateFrameworks/AppleMediaServicesUI.framework/Versions/A/AppleMediaServicesUI
0x000000023fb9b000 	/System/Library/PrivateFrameworks/GenerativeAssistantCommon.framework/Versions/A/GenerativeAssistantCommon
0x00000001e1e28000 	/System/Library/PrivateFrameworks/JetEngine.framework/Versions/A/JetEngine
0x00000002476cb000 	/System/Library/PrivateFrameworks/LinkMetadata.framework/Versions/A/LinkMetadata
0x00000001af0b7000 	/System/Library/PrivateFrameworks/OnBoardingKit.framework/Versions/A/OnBoardingKit
0x00000002555c9000 	/System/Library/PrivateFrameworks/Settings.framework/Versions/A/Settings
0x0000000193450000 	/System/Library/Frameworks/CoreSpotlight.framework/Versions/A/CoreSpotlight
0x000000024790c000 	/System/Library/PrivateFrameworks/LinkServices.framework/Versions/A/LinkServices
0x000000023808b000 	/System/Library/PrivateFrameworks/DoNotDisturb.framework/Versions/A/DoNotDisturb
0x00000001b3592000 	/System/Library/PrivateFrameworks/IntentsCore.framework/Versions/A/IntentsCore
0x00000002306e3000 	/System/Library/PrivateFrameworks/AvailabilityKit.framework/Versions/A/AvailabilityKit
0x000000022e014000 	/System/Library/PrivateFrameworks/AppIntentSchemas.framework/Versions/A/AppIntentSchemas
0x000000025d3cf000 	/System/Library/PrivateFrameworks/StatusKit.framework/Versions/A/StatusKit
0x0000000253917000 	/System/Library/PrivateFrameworks/RecapPerformanceTesting.framework/Versions/A/RecapPerformanceTesting
0x00000001af0a7000 	/System/Library/PrivateFrameworks/SignpostCollection.framework/Versions/A/SignpostCollection
0x000000026d0ff000 	/usr/lib/libSpatial.dylib
0x00000001a1654000 	/System/Library/Frameworks/WebKit.framework/Versions/A/Frameworks/WebKitLegacy.framework/Versions/A/WebKitLegacy
0x000000019f58c000 	/System/Library/PrivateFrameworks/CorePrediction.framework/Versions/A/CorePrediction
0x000000018fab2000 	/System/Library/Frameworks/WebKit.framework/Versions/A/Frameworks/WebCore.framework/Versions/A/Frameworks/libwebrtc.dylib
0x00000001abca9000 	/System/Library/PrivateFrameworks/SafariSafeBrowsing.framework/Versions/A/SafariSafeBrowsing
0x0000000197564000 	/System/Library/Frameworks/SecurityInterface.framework/Versions/A/SecurityInterface
0x00000001af0b6000 	/System/Library/PrivateFrameworks/WebInspectorUI.framework/Versions/A/WebInspectorUI
0x00000001a40ed000 	/System/Library/Frameworks/JavaScriptCore.framework/Versions/A/JavaScriptCore
0x00000001a7fde000 	/System/Library/Frameworks/WebKit.framework/Versions/A/Frameworks/WebCore.framework/Versions/A/WebCore
0x00000001e6ddf000 	/System/Library/Frameworks/BrowserEngineCore.framework/Versions/A/BrowserEngineCore
0x000000022ad49000 	/System/Library/Frameworks/WebKit.framework/Versions/A/Frameworks/WebCore.framework/Versions/A/Frameworks/libANGLE-shared.dylib
0x0000000266069000 	/System/Library/PrivateFrameworks/WebGPU.framework/Versions/A/WebGPU
0x00000001b0e86000 	/System/Library/Frameworks/SceneKit.framework/Versions/A/SceneKit
0x00000001c152b000 	/System/Library/Frameworks/ModelIO.framework/Versions/A/ModelIO
0x0000000198e9e000 	/System/Library/Frameworks/MetalKit.framework/Versions/A/MetalKit
0x000000019af7c000 	/System/Library/Frameworks/GLKit.framework/Versions/A/GLKit
0x000000026e612000 	/usr/lib/usd/libusd_ms.dylib
0x00000002626b9000 	/System/Library/PrivateFrameworks/USDLib_FormatLoaderProxy.framework/Versions/A/USDLib_FormatLoaderProxy
0x00000001ae2bf000 	/System/Library/PrivateFrameworks/CoreOptimization.framework/Versions/A/CoreOptimization
0x00000002305b6000 	/System/Library/PrivateFrameworks/AuthenticationServicesCore.framework/Versions/A/AuthenticationServicesCore
0x00000001b800b000 	/System/Library/Frameworks/AuthenticationServices.framework/Versions/A/AuthenticationServices
0x0000000194f23000 	/System/Library/PrivateFrameworks/SharedWebCredentials.framework/Versions/A/SharedWebCredentials
0x00000001afef2000 	/System/Library/PrivateFrameworks/SafariCore.framework/Versions/A/SafariCore
0x00000001b7b65000 	/System/Library/PrivateFrameworks/SafariFoundation.framework/Versions/A/SafariFoundation
0x0000000231735000 	/System/Library/PrivateFrameworks/CBORLibrary.framework/Versions/A/CBORLibrary
0x00000002324da000 	/System/Library/PrivateFrameworks/Chirp.framework/Versions/A/Chirp
0x00000001e30b8000 	/System/Library/PrivateFrameworks/RemoteManagement.framework/Versions/A/RemoteManagement
0x0000000253c6a000 	/System/Library/PrivateFrameworks/RemoteManagementModel.framework/Versions/A/RemoteManagementModel
0x0000000253cf7000 	/System/Library/PrivateFrameworks/RemoteManagementStore.framework/Versions/A/RemoteManagementStore
0x0000000198ebc000 	/usr/lib/libxcselect.dylib
0x00000001b7ad4000 	/System/Library/PrivateFrameworks/DifferentialPrivacy.framework/Versions/A/DifferentialPrivacy
0x000000019bc4a000 	/System/Library/Frameworks/Contacts.framework/Versions/A/Contacts
0x0000000262edc000 	/System/Library/PrivateFrameworks/VDAF.framework/Versions/A/VDAF
0x000000019ba67000 	/System/Library/PrivateFrameworks/ContactsPersistence.framework/Versions/A/ContactsPersistence
0x000000019ac7f000 	/System/Library/PrivateFrameworks/AppleLDAP.framework/Versions/A/AppleLDAP
0x000000019f233000 	/System/Library/Frameworks/ClassKit.framework/Versions/A/ClassKit
0x00000001a1380000 	/System/Library/PrivateFrameworks/CoreSuggestions.framework/Versions/A/CoreSuggestions
0x000000019b99a000 	/System/Library/PrivateFrameworks/ContactsFoundation.framework/Versions/A/ContactsFoundation
0x000000019cf3b000 	/System/Library/PrivateFrameworks/vCard.framework/Versions/A/vCard
0x0000000233c9d000 	/System/Library/PrivateFrameworks/ContactsMetrics.framework/Versions/A/ContactsMetrics
0x000000019533f000 	/System/Library/PrivateFrameworks/login.framework/Versions/A/login
0x0000000249a4f000 	/System/Library/PrivateFrameworks/ManagedOrganizationContacts.framework/Versions/A/ManagedOrganizationContacts
0x000000018f21e000 	/System/Library/PrivateFrameworks/CloudDocs.framework/Versions/A/CloudDocs
0x00000001a096f000 	/System/Library/PrivateFrameworks/ConfigurationProfiles.framework/Versions/A/ConfigurationProfiles
0x0000000237614000 	/System/Library/PrivateFrameworks/DMCUtilities.framework/Versions/A/DMCUtilities
0x0000000247ce2000 	/System/Library/PrivateFrameworks/MDMClientLibrary.framework/Versions/A/MDMClientLibrary
0x0000000253ceb000 	/System/Library/PrivateFrameworks/RemoteManagementProtocol.framework/Versions/A/RemoteManagementProtocol
0x000000026cf0b000 	/usr/lib/libEndpointSecuritySystem.dylib
0x000000019b3a5000 	/System/Library/PrivateFrameworks/SystemAdministration.framework/Versions/A/SystemAdministration
0x00000001a5b24000 	/System/Library/PrivateFrameworks/PowerlogControl.framework/Versions/A/PowerlogControl
0x0000000192a09000 	/System/Library/Frameworks/ServiceManagement.framework/Versions/A/ServiceManagement
0x00000001a5b26000 	/usr/lib/libUniversalAccess.dylib
0x00000001a26c2000 	/System/Library/PrivateFrameworks/FamilyControls.framework/Versions/A/FamilyControls
0x000000019ac30000 	/System/Library/Frameworks/DirectoryService.framework/Versions/A/DirectoryService
0x000000019ef21000 	/System/Library/PrivateFrameworks/LoginUIKit.framework/Versions/A/Frameworks/LoginUICore.framework/Versions/A/LoginUICore
0x000000019552f000 	/usr/lib/libodfde.dylib
0x00000001a26bc000 	/System/Library/PrivateFrameworks/UniversalAccess.framework/Versions/A/Libraries/libUAPreferences.dylib
0x00000001a26e6000 	/System/Library/PrivateFrameworks/CommerceKit.framework/Versions/A/Frameworks/CommerceCore.framework/Versions/A/CommerceCore
0x00000002375c2000 	/System/Library/PrivateFrameworks/DEPClientLibrary.framework/Versions/A/DEPClientLibrary
0x00000002375e2000 	/System/Library/PrivateFrameworks/DMCEnrollmentLibrary.framework/Versions/A/DMCEnrollmentLibrary
0x00000001a5c0a000 	/System/Library/PrivateFrameworks/SetupAssistantFramework.framework/Versions/A/SetupAssistantFramework
0x000000019f5e6000 	/System/Library/PrivateFrameworks/AuthKitUI.framework/Versions/A/AuthKitUI
0x000000019ef6b000 	/System/Library/PrivateFrameworks/AppSSO.framework/Versions/A/AppSSO
0x00000001b4ad2000 	/System/Library/PrivateFrameworks/LocalAuthenticationUI.framework/Versions/A/LocalAuthenticationUI
0x0000000251ec1000 	/System/Library/PrivateFrameworks/PlatformSSO.framework/Versions/A/PlatformSSO
0x00000001b54bf000 	/System/Library/PrivateFrameworks/AOSUI.framework/Versions/A/AOSUI
0x00000001a769b000 	/System/Library/Frameworks/ContactsUI.framework/Versions/A/ContactsUI
0x000000019be81000 	/System/Library/PrivateFrameworks/FamilyCircle.framework/Versions/A/FamilyCircle
0x00000001c2bd7000 	/System/Library/Frameworks/LinkPresentation.framework/Versions/A/LinkPresentation
0x0000000251f8d000 	/System/Library/PrivateFrameworks/PlatformSSOCore.framework/Versions/A/PlatformSSOCore
0x00000001a73ad000 	/System/Library/PrivateFrameworks/IASUtilities.framework/Versions/A/IASUtilities
0x0000000242bf5000 	/System/Library/PrivateFrameworks/IASUtilitiesCore.framework/Versions/A/IASUtilitiesCore
0x0000000247bcb000 	/System/Library/PrivateFrameworks/LocalAuthenticationCoreUI.framework/Versions/A/LocalAuthenticationCoreUI
0x00000001ae554000 	/System/Library/Frameworks/LocalAuthentication.framework/Support/DaemonUtils.framework/Versions/A/DaemonUtils
0x00000001b17bb000 	/System/Library/PrivateFrameworks/BridgeXPC.framework/Versions/A/BridgeXPC
0x0000000195363000 	/System/Library/PrivateFrameworks/CoreBrightness.framework/Versions/A/CoreBrightness
0x00000001af18f000 	/System/Library/PrivateFrameworks/CoreKDL.framework/Versions/A/CoreKDL
0x00000001ad9bf000 	/System/Library/PrivateFrameworks/EmbeddedOSSupportHost.framework/Versions/A/EmbeddedOSSupportHost
0x000000025e0db000 	/System/Library/PrivateFrameworks/SystemStatus.framework/Versions/A/SystemStatus
0x00000001bcc27000 	/System/Library/PrivateFrameworks/StorageKit.framework/Versions/A/StorageKit
0x00000001e4732000 	/System/Library/Frameworks/DeviceCheck.framework/Versions/A/DeviceCheck
0x00000001e7a54000 	/System/Library/Frameworks/FSKit.framework/Versions/A/FSKit
0x0000000237db1000 	/System/Library/PrivateFrameworks/DiskImages2.framework/Versions/A/DiskImages2
0x0000000247a5c000 	/System/Library/PrivateFrameworks/LiveFS.framework/Versions/A/LiveFS
0x000000026a7ad000 	/System/Library/PrivateFrameworks/icloudMCCKit.framework/Versions/A/icloudMCCKit
0x000000022ed0d000 	/System/Library/PrivateFrameworks/AppleAccountUI.framework/Versions/A/AppleAccountUI
0x0000000233011000 	/System/Library/PrivateFrameworks/CloudSubscriptionFeatures.framework/Versions/A/CloudSubscriptionFeatures
0x00000001ce66b000 	/System/Library/PrivateFrameworks/PreferencePanesSupport.framework/Versions/A/PreferencePanesSupport
0x00000001b566f000 	/System/Library/PrivateFrameworks/FindMyDeviceUI.framework/Versions/A/FindMyDeviceUI
0x00000002683e6000 	/System/Library/PrivateFrameworks/iCloudQuotaUI.framework/Versions/A/iCloudQuotaUI
0x00000001ce81e000 	/System/Library/PrivateFrameworks/CoreCDPUI.framework/Versions/A/CoreCDPUI
0x00000001afc59000 	/System/Library/PrivateFrameworks/CoreFollowUpUI.framework/Versions/A/CoreFollowUpUI
0x000000019759d000 	/System/Library/PrivateFrameworks/CoreFollowUp.framework/Versions/A/CoreFollowUp
0x00000001bb9a6000 	/System/Library/PrivateFrameworks/IMCore.framework/Versions/A/IMCore
0x00000001a5b8c000 	/System/Library/PrivateFrameworks/CoreCDP.framework/Versions/A/CoreCDP
0x00000001a1c50000 	/System/Library/PrivateFrameworks/AskPermission.framework/Versions/A/AskPermission
0x00000001b350d000 	/System/Library/Frameworks/Quartz.framework/Versions/A/Quartz
0x00000001bf561000 	/System/Library/PrivateFrameworks/CloudPhotoServicesConfiguration.framework/Versions/A/CloudPhotoServicesConfiguration
0x00000001b1f26000 	/System/Library/PrivateFrameworks/CommerceKit.framework/Versions/A/CommerceKit
0x00000001c0e97000 	/System/Library/PrivateFrameworks/FindMyMac.framework/Versions/A/FindMyMac
0x00000001c0d6e000 	/System/Library/Frameworks/PreferencePanes.framework/Versions/A/PreferencePanes
0x00000001b4bca000 	/System/Library/Frameworks/AddressBook.framework/Versions/A/AddressBook
0x00000001a0c38000 	/System/Library/PrivateFrameworks/AOSAccounts.framework/Versions/A/AOSAccounts
0x000000019b39f000 	/System/Library/PrivateFrameworks/AppleSRP.framework/Versions/A/AppleSRP
0x00000001ae46e000 	/System/Library/Frameworks/SafariServices.framework/Versions/A/SafariServices
0x000000019f734000 	/System/Library/PrivateFrameworks/NetFSServer.framework/Versions/A/NetFSServer
0x00000001b0d5f000 	/System/Library/Frameworks/PDFKit.framework/Versions/A/PDFKit
0x00000001c1d8d000 	/System/Library/PrivateFrameworks/EmailFoundation.framework/Versions/A/EmailFoundation
0x00000001c0dcb000 	/System/Library/PrivateFrameworks/EmailCore.framework/Versions/A/EmailCore
0x00000001c4bb8000 	/System/Library/PrivateFrameworks/EmailAddressing.framework/Versions/A/EmailAddressing
0x00000001c4bc4000 	/System/Library/PrivateFrameworks/Email.framework/Versions/A/Email
0x00000001ecf3f000 	/System/Library/Frameworks/TabularData.framework/Versions/A/TabularData
0x000000026e0b9000 	/usr/lib/swift/libswiftPassKit.dylib
0x0000000230825000 	/System/Library/PrivateFrameworks/BackgroundSystemTasks.framework/Versions/A/BackgroundSystemTasks
0x0000000247c5a000 	/System/Library/PrivateFrameworks/LockdownMode.framework/Versions/A/LockdownMode
0x000000019be7b000 	/System/Library/PrivateFrameworks/CommunicationsFilter.framework/Versions/A/CommunicationsFilter
0x00000001d2329000 	/System/Library/Frameworks/PassKit.framework/Versions/A/PassKit
0x00000001a31e4000 	/System/Library/PrivateFrameworks/PassKitCore.framework/Versions/A/PassKitCore
0x000000024f47e000 	/System/Library/PrivateFrameworks/PassKitMacHelperTemp.framework/Versions/A/PassKitMacHelperTemp
0x000000022e051000 	/System/Library/PrivateFrameworks/AppIntentsServices.framework/Versions/A/AppIntentsServices
0x00000001a0832000 	/System/Library/PrivateFrameworks/CoreRecents.framework/Versions/A/CoreRecents
0x00000001ae5a1000 	/System/Library/PrivateFrameworks/BiometricKit.framework/Versions/A/BiometricKit
0x00000002546a6000 	/System/Library/PrivateFrameworks/SEService.framework/Versions/A/SEService
0x00000001a144c000 	/System/Library/Frameworks/EventKit.framework/Versions/A/EventKit
0x00000001b35b2000 	/System/Library/PrivateFrameworks/NearField.framework/Versions/A/NearField
0x00000001b52e7000 	/System/Library/PrivateFrameworks/FTClientServices.framework/Versions/A/FTClientServices
0x00000001ce089000 	/System/Library/PrivateFrameworks/DiagnosticRequest.framework/Versions/A/DiagnosticRequest
0x000000026d0b9000 	/usr/lib/libSESShared.dylib
0x0000000254847000 	/System/Library/PrivateFrameworks/STSXPCHelperClient.framework/Versions/A/STSXPCHelperClient
0x000000025deae000 	/System/Library/PrivateFrameworks/Symptoms.framework/Versions/A/Frameworks/SymptomPresentationFeed.framework/Versions/A/SymptomPresentationFeed
0x000000022f5bf000 	/System/Library/PrivateFrameworks/AppleMediaServicesKitInternal.framework/Versions/A/AppleMediaServicesKitInternal
0x000000025dc29000 	/System/Library/PrivateFrameworks/SymptomShared.framework/Versions/A/SymptomShared
0x000000023206b000 	/System/Library/PrivateFrameworks/CalendarDatabase.framework/Versions/A/CalendarDatabase
0x0000000231fbf000 	/System/Library/PrivateFrameworks/CalendarDaemon.framework/Versions/A/CalendarDaemon
0x00000001a0887000 	/System/Library/PrivateFrameworks/CalendarFoundation.framework/Versions/A/CalendarFoundation
0x00000001a0843000 	/System/Library/PrivateFrameworks/iCalendar.framework/Versions/A/iCalendar
0x0000000237849000 	/System/Library/PrivateFrameworks/DataAccessExpress.framework/Versions/A/DataAccessExpress
0x00000001a723f000 	/System/Library/PrivateFrameworks/CoreDAV.framework/Versions/A/CoreDAV
0x00000001a1321000 	/System/Library/PrivateFrameworks/CalDAV.framework/Versions/A/CalDAV
0x00000001aba06000 	/System/Library/PrivateFrameworks/TelephonyUtilities.framework/Versions/A/TelephonyUtilities
0x00000001afd24000 	/System/Library/Frameworks/CallKit.framework/Versions/A/CallKit
0x00000001d7966000 	/System/Library/PrivateFrameworks/IMTransferServices.framework/Versions/A/IMTransferServices
0x00000001ae2d9000 	/System/Library/PrivateFrameworks/IncomingCallFilter.framework/Versions/A/IncomingCallFilter
0x000000024cd97000 	/System/Library/PrivateFrameworks/NeighborhoodActivityConduit.framework/Versions/A/NeighborhoodActivityConduit
0x000000026cee1000 	/usr/lib/libBASupport.dylib
0x00000001bb751000 	/System/Library/PrivateFrameworks/SpotlightReceiver.framework/Versions/A/SpotlightReceiver
0x00000001b4f88000 	/usr/lib/libnfshared.dylib
0x00000001d4b4f000 	/System/Library/PrivateFrameworks/PassKitUIFoundation.framework/Versions/A/PassKitUIFoundation
0x000000019ac91000 	/System/Library/Frameworks/MapKit.framework/Versions/A/MapKit
0x00000001e7a18000 	/System/Library/Frameworks/ExtensionKit.framework/Versions/A/ExtensionKit
0x0000000240021000 	/System/Library/PrivateFrameworks/GeoAnalytics.framework/Versions/A/GeoAnalytics
0x00000001af2e4000 	/System/Library/PrivateFrameworks/SearchFoundation.framework/Versions/A/SearchFoundation
0x00000001b4fbe000 	/System/Library/PrivateFrameworks/Navigation.framework/Versions/A/Navigation
0x00000001be081000 	/System/Library/PrivateFrameworks/VectorKit.framework/Versions/A/VectorKit
0x00000001a7475000 	/System/Library/PrivateFrameworks/VirtualGarage.framework/Versions/A/VirtualGarage
0x00000001b5137000 	/System/Library/Frameworks/ExternalAccessory.framework/ExternalAccessory
0x00000001b5151000 	/System/Library/PrivateFrameworks/IAP.framework/Versions/A/IAP
0x000000019af44000 	/System/Library/PrivateFrameworks/IOPlatformPluginFamily.framework/Versions/A/IOPlatformPluginFamily
0x00000002306e6000 	/System/Library/PrivateFrameworks/AvatarKit.framework/Versions/A/AvatarKit
0x000000023079e000 	/System/Library/PrivateFrameworks/AvatarPersistence.framework/Versions/A/AvatarPersistence
0x0000000253d60000 	/System/Library/PrivateFrameworks/RemoteUI.framework/Versions/A/RemoteUI
0x000000019b048000 	/usr/lib/libCTGreenTeaLogger.dylib
0x000000022a6eb000 	/System/Library/Frameworks/TipKit.framework/Versions/A/TipKit
0x00000001d02e3000 	/System/Library/PrivateFrameworks/AppleCVA.framework/Versions/A/AppleCVA
0x000000023079d000 	/System/Library/PrivateFrameworks/AvatarKitContent.framework/Versions/A/AvatarKitContent
0x000000019b070000 	/System/Library/PrivateFrameworks/CoreAppleCVA.framework/Versions/A/CoreAppleCVA
0x0000000246a9a000 	/System/Library/PrivateFrameworks/LiftUI.framework/Versions/A/LiftUI
0x0000000232f80000 	/System/Library/PrivateFrameworks/CloudSettings.framework/Versions/A/CloudSettings
0x00000001adf04000 	/System/Library/PrivateFrameworks/CoreRoutine.framework/Versions/A/CoreRoutine
0x00000001bc77d000 	/System/Library/PrivateFrameworks/Categories.framework/Versions/A/Categories
0x000000023340f000 	/System/Library/PrivateFrameworks/Coherence.framework/Versions/A/Coherence
0x00000001ab901000 	/System/Library/PrivateFrameworks/CoreParsec.framework/Versions/A/CoreParsec
0x000000024fb0c000 	/System/Library/PrivateFrameworks/PegasusAPI.framework/Versions/A/PegasusAPI
0x00000002507d9000 	/System/Library/PrivateFrameworks/PegasusConfiguration.framework/Versions/A/PegasusConfiguration
0x0000000247c31000 	/System/Library/PrivateFrameworks/LocalStatusKit.framework/Versions/A/LocalStatusKit
0x00000001afed8000 	/System/Library/PrivateFrameworks/ContextKit.framework/Versions/A/ContextKit
0x0000000233dca000 	/System/Library/PrivateFrameworks/ContextKitCore.framework/Versions/A/ContextKitCore
0x00000001b52eb000 	/System/Library/PrivateFrameworks/CharacterPicker.framework/Versions/A/CharacterPicker
0x00000001ae3e0000 	/System/Library/PrivateFrameworks/ContactsDonation.framework/Versions/A/ContactsDonation
0x00000001a7597000 	/System/Library/PrivateFrameworks/ContactsUICore.framework/Versions/A/ContactsUICore
0x00000001adce7000 	/System/Library/PrivateFrameworks/DataDetectors.framework/Versions/A/DataDetectors
0x00000001a130d000 	/System/Library/Frameworks/MediaLibrary.framework/Versions/A/MediaLibrary
0x000000019be6a000 	/System/Library/PrivateFrameworks/PersonaKit.framework/Versions/A/PersonaKit
0x00000001a7585000 	/System/Library/PrivateFrameworks/PersonaUI.framework/Versions/A/PersonaUI
0x00000002434b5000 	/System/Library/PrivateFrameworks/InputToolKitUI.framework/Versions/A/InputToolKitUI
0x00000002434a0000 	/System/Library/PrivateFrameworks/InputToolKit.framework/Versions/A/InputToolKit
0x000000025d508000 	/System/Library/PrivateFrameworks/Stickers.framework/Versions/A/Stickers
0x000000024340e000 	/System/Library/PrivateFrameworks/InputAnalytics.framework/Versions/A/InputAnalytics
0x00000001b6e61000 	/System/Library/PrivateFrameworks/EmojiFoundation.framework/Versions/A/EmojiFoundation
0x00000002393aa000 	/System/Library/PrivateFrameworks/FeedbackService.framework/Versions/A/FeedbackService
0x000000019bae6000 	/System/Library/PrivateFrameworks/AddressBookCore.framework/Versions/A/AddressBookCore
0x00000001afbd9000 	/System/Library/PrivateFrameworks/IntlPreferences.framework/Versions/A/IntlPreferences
0x00000001b4d4d000 	/System/Library/PrivateFrameworks/ToneKit.framework/Versions/A/ToneKit
0x00000001afc1f000 	/System/Library/PrivateFrameworks/ToneLibrary.framework/Versions/A/ToneLibrary
0x0000000233c63000 	/System/Library/PrivateFrameworks/ContactsAccounts.framework/Versions/A/ContactsAccounts
0x00000001c078d000 	/System/Library/PrivateFrameworks/Transparency.framework/Versions/A/Transparency
0x00000001b342a000 	/System/Library/PrivateFrameworks/Lookup.framework/Versions/A/Lookup
0x00000001eb33f000 	/System/Library/Frameworks/QuickLookUI.framework/Versions/A/QuickLookUI
0x00000001ebd1d000 	/System/Library/Frameworks/ScreenCaptureKit.framework/Versions/A/ScreenCaptureKit
0x00000001b0873000 	/System/Library/Frameworks/Quartz.framework/Versions/A/Frameworks/QuartzComposer.framework/Versions/A/QuartzComposer
0x00000001afbb0000 	/System/Library/Frameworks/Quartz.framework/Versions/A/Frameworks/QuartzFilters.framework/Versions/A/QuartzFilters
0x00000001aec97000 	/System/Library/Frameworks/Quartz.framework/Versions/A/Frameworks/ImageKit.framework/Versions/A/ImageKit
0x00000001e60a1000 	/System/Library/Frameworks/OpenCL.framework/Versions/A/OpenCL
0x00000001ad3e8000 	/System/Library/PrivateFrameworks/CorePDF.framework/Versions/A/CorePDF
0x0000000198e35000 	/System/Library/Frameworks/QuickLook.framework/Versions/A/QuickLook
0x00000001a30e9000 	/System/Library/PrivateFrameworks/DisplayServices.framework/Versions/A/DisplayServices
0x00000001afb20000 	/System/Library/Frameworks/ImageCaptureCore.framework/Versions/A/ImageCaptureCore
0x0000000264990000 	/System/Library/PrivateFrameworks/VisionKitCore.framework/Versions/A/VisionKitCore
0x00000001ab8d1000 	/System/Library/PrivateFrameworks/QuickLookSupport.framework/Versions/A/QuickLookSupport
0x000000024a2b8000 	/System/Library/PrivateFrameworks/MediaAnalysisServices.framework/Versions/A/MediaAnalysisServices
0x00000001b241c000 	/System/Library/PrivateFrameworks/PhotoLibraryServices.framework/Versions/A/PhotoLibraryServices
0x00000001af769000 	/System/Library/Frameworks/Photos.framework/Versions/A/Photos
0x00000001c2fb8000 	/System/Library/PrivateFrameworks/PhotosFormats.framework/Versions/A/PhotosFormats
0x00000001bf593000 	/System/Library/PrivateFrameworks/CloudPhotoLibrary.framework/Versions/A/CloudPhotoLibrary
0x00000001c8585000 	/System/Library/PrivateFrameworks/CloudPhotoServices.framework/Versions/A/CloudPhotoServices
0x00000001c4d2c000 	/System/Library/PrivateFrameworks/CoreMediaStream.framework/Versions/A/CoreMediaStream
0x000000019c496000 	/System/Library/PrivateFrameworks/CPAnalytics.framework/Versions/A/CPAnalytics
0x00000001c1430000 	/System/Library/PrivateFrameworks/MediaConversionService.framework/Versions/A/MediaConversionService
0x00000001a2d57000 	/System/Library/PrivateFrameworks/PhotoFoundation.framework/Versions/A/PhotoFoundation
0x0000000250d70000 	/System/Library/PrivateFrameworks/PhotoLibraryServicesCore.framework/Versions/A/PhotoLibraryServicesCore
0x00000001bb103000 	/System/Library/PrivateFrameworks/MMCS.framework/Versions/A/MMCS
0x00000001a1176000 	/System/Library/PrivateFrameworks/ChunkingLibrary.framework/Versions/A/ChunkingLibrary
0x000000019b34a000 	/System/Library/PrivateFrameworks/AssetCacheServices.framework/Versions/A/AssetCacheServices
0x000000019d072000 	/System/Library/PrivateFrameworks/AVFoundationCF.framework/Versions/A/AVFoundationCF
0x00000001d7863000 	/usr/lib/swift/libswiftDemangle.dylib
0x00000001adf64000 	/System/Library/PrivateFrameworks/MediaStream.framework/Versions/A/MediaStream
0x00000001c194a000 	/System/Library/PrivateFrameworks/NeutrinoCore.framework/Versions/A/NeutrinoCore
0x000000018c5d2000 	/System/Library/PrivateFrameworks/NLP.framework/Versions/A/NLP
0x00000001c7336000 	/System/Library/PrivateFrameworks/PhotoImaging.framework/Versions/A/PhotoImaging
0x00000001c8546000 	/System/Library/PrivateFrameworks/PhotosImagingFoundation.framework/Versions/A/PhotosImagingFoundation
0x0000000251849000 	/System/Library/PrivateFrameworks/PhotosIntelligenceCore.framework/Versions/A/PhotosIntelligenceCore
0x000000019d508000 	/System/Library/PrivateFrameworks/EmbeddedAcousticRecognition.framework/Versions/A/EmbeddedAcousticRecognition
0x00000001bf7f9000 	/System/Library/PrivateFrameworks/SDAPI.framework/Versions/A/SDAPI
0x00000001c8593000 	/System/Library/PrivateFrameworks/AutoLoop.framework/Versions/A/AutoLoop
0x00000002522b1000 	/System/Library/PrivateFrameworks/Portrait.framework/Versions/A/Portrait
0x000000022edb6000 	/System/Library/PrivateFrameworks/AppleDepth.framework/Versions/A/AppleDepth
0x0000000239f33000 	/System/Library/PrivateFrameworks/FusionTracker.framework/Versions/A/FusionTracker
0x000000022eea4000 	/System/Library/PrivateFrameworks/AppleDepthCore.framework/Versions/A/AppleDepthCore
0x00000001b0333000 	/System/Library/PrivateFrameworks/iTunesCloud.framework/Versions/A/iTunesCloud
0x00000001b8bc9000 	/System/Library/PrivateFrameworks/DAAPKit.framework/Versions/A/DAAPKit
0x000000026e13d000 	/usr/lib/swift/libswiftVideoToolbox.dylib
0x00000001abbe2000 	/System/Library/PrivateFrameworks/DeviceManagement.framework/Versions/A/DeviceManagement
0x00000001cdfe8000 	/System/Library/PrivateFrameworks/ScreenTimeUI.framework/Versions/A/ScreenTimeUI
0x00000001adce1000 	/System/Library/PrivateFrameworks/QuickLookNonBaseSystem.framework/Versions/A/QuickLookNonBaseSystem
0x00000001ae4af000 	/System/Library/PrivateFrameworks/Catalyst.framework/Versions/A/Catalyst
0x0000000249a55000 	/System/Library/PrivateFrameworks/ManagedSettingsObjC.framework/Versions/A/ManagedSettingsObjC
0x00000001afdc6000 	/System/Library/PrivateFrameworks/ScreenTimeCore.framework/Versions/A/ScreenTimeCore
0x00000001c251b000 	/System/Library/PrivateFrameworks/ScreenTimeServiceUI.framework/Versions/A/ScreenTimeServiceUI
0x00000001bb28e000 	/System/Library/PrivateFrameworks/ConfigurationEngineModel.framework/Versions/A/ConfigurationEngineModel
0x00000001be03d000 	/System/Library/PrivateFrameworks/UsageTracking.framework/Versions/A/UsageTracking
0x00000001e781a000 	/System/Library/Frameworks/DeviceActivity.framework/Versions/A/DeviceActivity
0x00000001be00d000 	/System/Library/PrivateFrameworks/KnowledgeMonitor.framework/Versions/A/KnowledgeMonitor
0x00000001d4af4000 	/System/Library/PrivateFrameworks/BluetoothManager.framework/Versions/A/BluetoothManager
0x00000001e8972000 	/System/Library/Frameworks/ManagedSettings.framework/Versions/A/ManagedSettings
0x0000000249a8e000 	/System/Library/PrivateFrameworks/ManagedSettingsSupport.framework/Versions/A/ManagedSettingsSupport
0x00000001d23f9000 	/System/Library/Frameworks/ReplayKit.framework/Versions/A/ReplayKit
0x00000001a4082000 	/System/Library/PrivateFrameworks/MarkupUI.framework/Versions/A/MarkupUI
0x00000001adcb9000 	/System/Library/PrivateFrameworks/SidecarCore.framework/Versions/A/SidecarCore
0x00000001b0734000 	/System/Library/PrivateFrameworks/AnnotationKit.framework/Versions/A/AnnotationKit
0x000000022a84b000 	/System/Library/Frameworks/Translation.framework/Versions/A/Translation
0x00000001c9f32000 	/System/Library/PrivateFrameworks/RevealCore.framework/Versions/A/RevealCore
0x00000001c9f26000 	/System/Library/PrivateFrameworks/Reveal.framework/Versions/A/Reveal
0x000000026179b000 	/System/Library/PrivateFrameworks/TranslationUIServices.framework/Versions/A/TranslationUIServices
0x00000001aeedd000 	/System/Library/Frameworks/PencilKit.framework/Versions/A/PencilKit
0x00000001af092000 	/System/Library/PrivateFrameworks/SidecarUI.framework/Versions/A/SidecarUI
0x00000001ae88a000 	/System/Library/PrivateFrameworks/CoreHandwriting.framework/Versions/A/CoreHandwriting
0x0000000186792000 	/usr/lib/libmecabra.dylib
0x00000001a7a0d000 	/System/Library/PrivateFrameworks/Calculate.framework/Versions/A/Calculate
0x0000000194cd7000 	/usr/lib/libChineseTokenizer.dylib
0x00000001e2fe1000 	/System/Library/PrivateFrameworks/ScreenReaderCore.framework/Versions/A/ScreenReaderCore
0x000000025d8df000 	/System/Library/PrivateFrameworks/StocksKit.framework/Versions/A/StocksKit
0x00000001a6b87000 	/System/Library/PrivateFrameworks/OAuth.framework/Versions/A/OAuth
0x000000025d58c000 	/System/Library/PrivateFrameworks/StocksCore.framework/Versions/A/StocksCore
0x000000025e5e9000 	/System/Library/PrivateFrameworks/TeaFoundation.framework/Versions/A/TeaFoundation
0x000000025e7d2000 	/System/Library/PrivateFrameworks/TeaSettings.framework/Versions/A/TeaSettings
0x00000001d8c2e000 	/System/Library/PrivateFrameworks/NewsCore.framework/Versions/A/NewsCore
0x000000025e586000 	/System/Library/PrivateFrameworks/TeaDB.framework/Versions/A/TeaDB
0x00000001d58d9000 	/System/Library/PrivateFrameworks/RemoteConfiguration.framework/Versions/A/RemoteConfiguration
0x00000001d8868000 	/System/Library/PrivateFrameworks/NewsTransport.framework/Versions/A/NewsTransport
0x00000001d8c1e000 	/System/Library/PrivateFrameworks/NewsFoundation.framework/Versions/A/NewsFoundation
0x000000024d2dd000 	/System/Library/PrivateFrameworks/NewsURLBucket.framework/Versions/A/NewsURLBucket
0x00000001b2150000 	/System/Library/PrivateFrameworks/MobileInstallation.framework/Versions/A/MobileInstallation
0x00000002607e4000 	/System/Library/PrivateFrameworks/TipKitCore.framework/Versions/A/TipKitCore
0x00000001b6ee4000 	/System/Library/PrivateFrameworks/CoreCDPInternal.framework/Versions/A/CoreCDPInternal
0x00000001a6ad9000 	/System/Library/PrivateFrameworks/AccountsDaemon.framework/Versions/A/AccountsDaemon
0x00000002539a5000 	/System/Library/PrivateFrameworks/RegulatoryDomain.framework/Versions/A/RegulatoryDomain
0x00000001ce81b000 	/System/Library/PrivateFrameworks/MachineSettings.framework/Versions/A/MachineSettings
0x00000001c0cf1000 	/System/Library/PrivateFrameworks/BezelServices.framework/Versions/A/BezelServices
0x00000001b8c52000 	/System/Library/PrivateFrameworks/SPOwner.framework/Versions/A/SPOwner
0x00000001b1f8b000 	/System/Library/PrivateFrameworks/FMCore.framework/Versions/A/FMCore
0x0000000268343000 	/System/Library/PrivateFrameworks/iCloudQuota.framework/Versions/A/iCloudQuota
0x00000001a750a000 	/System/Library/PrivateFrameworks/CoreRecognition.framework/Versions/A/CoreRecognition
0x00000001c0da6000 	/System/Library/PrivateFrameworks/InAppMessages.framework/Versions/A/InAppMessages
0x00000001e1d2f000 	/System/Library/PrivateFrameworks/JetUI.framework/Versions/A/JetUI
0x00000002467f6000 	/System/Library/PrivateFrameworks/JetPack.framework/Versions/A/JetPack
0x00000001c0d9d000 	/System/Library/PrivateFrameworks/InAppMessagesCore.framework/Versions/A/InAppMessagesCore
0x0000000267a3d000 	/System/Library/PrivateFrameworks/_JetEngine_SwiftUI.framework/Versions/A/_JetEngine_SwiftUI
0x000000025ded6000 	/System/Library/PrivateFrameworks/Synapse.framework/Versions/A/Synapse
0x0000000231e5b000 	/System/Library/PrivateFrameworks/CSExattrCrypto.framework/Versions/A/CSExattrCrypto
0x00000001a2d68000 	/System/Library/PrivateFrameworks/IMSharedUtilities.framework/Versions/A/IMSharedUtilities
0x00000001bc037000 	/System/Library/Frameworks/InstantMessage.framework/Versions/A/InstantMessage
0x00000001b4acb000 	/System/Library/PrivateFrameworks/IDSKVStore.framework/Versions/A/IDSKVStore
0x00000001b490b000 	/System/Library/PrivateFrameworks/IMDPersistence.framework/Versions/A/IMDPersistence
0x000000026e059000 	/usr/lib/swift/libswiftAppleArchive.dylib
0x0000000262ece000 	/System/Library/PrivateFrameworks/UserSafety.framework/Versions/A/UserSafety
0x00000001d3d4c000 	/System/Library/PrivateFrameworks/BlastDoor.framework/Versions/A/BlastDoor
0x00000001ebda1000 	/System/Library/Frameworks/SensitiveContentAnalysis.framework/Versions/A/SensitiveContentAnalysis
0x00000002478dc000 	/System/Library/PrivateFrameworks/LinkPresentationStyleSheetParsing.framework/Versions/A/LinkPresentationStyleSheetParsing
0x00000001ae338000 	/System/Library/PrivateFrameworks/CoreSDB.framework/Versions/A/CoreSDB
0x000000023013c000 	/System/Library/PrivateFrameworks/AskToCore.framework/Versions/A/AskToCore
0x00000001b3117000 	/System/Library/PrivateFrameworks/StoreFoundation.framework/Versions/A/StoreFoundation
0x00000001b1f85000 	/System/Library/PrivateFrameworks/ServerInformation.framework/Versions/A/ServerInformation
0x00000001b19f9000 	/System/Library/PrivateFrameworks/Install.framework/Frameworks/DistributionKit.framework/Versions/A/DistributionKit
0x00000001ab69f000 	/System/Library/PrivateFrameworks/PackageKit.framework/Versions/A/PackageKit
0x00000001b1a1b000 	/System/Library/PrivateFrameworks/OSPersonalization.framework/Versions/A/OSPersonalization
0x00000001b3683000 	/System/Library/PrivateFrameworks/BridgeOSSoftwareUpdate.framework/Versions/A/BridgeOSSoftwareUpdate
0x00000001ae7b2000 	/System/Library/PrivateFrameworks/StorageManagement.framework/Versions/A/StorageManagement
0x00000001c20a5000 	/usr/lib/libauthinstall.dylib
0x00000001b368c000 	/System/Library/PrivateFrameworks/InstallerDiagnostics.framework/Versions/A/InstallerDiagnostics
0x00000001c26d7000 	/usr/lib/libcrypto.42.dylib
0x00000001b3671000 	/System/Library/PrivateFrameworks/GPUInfo.framework/Versions/A/GPUInfo
0x00000001c0e9d000 	/System/Library/PrivateFrameworks/MobileActivationMacOS.framework/Versions/A/MobileActivationMacOS
0x000000018ccf7000 	/System/Library/Frameworks/Accounts.framework/Versions/A/Accounts
0x00000001b36d0000 	/System/Library/PrivateFrameworks/AOSKit.framework/Versions/A/AOSKit
0x0000000194e07000 	/System/Library/PrivateFrameworks/AppSSOCore.framework/Versions/A/AppSSOCore
0x000000019ef27000 	/System/Library/PrivateFrameworks/AppSupport.framework/Versions/A/AppSupport
0x00000001ad7c1000 	/System/Library/Frameworks/AVFoundation.framework/Versions/A/AVFoundation
0x000000019f789000 	/System/Library/PrivateFrameworks/DuetActivityScheduler.framework/Versions/A/DuetActivityScheduler
0x00000001ae2df000 	/System/Library/PrivateFrameworks/FTServices.framework/Versions/A/FTServices
0x00000001bf4cc000 	/System/Library/PrivateFrameworks/NetworkServiceProxy.framework/Versions/A/NetworkServiceProxy
0x000000019d415000 	/System/Library/PrivateFrameworks/Rapport.framework/Versions/A/Rapport
0x000000025dc39000 	/System/Library/PrivateFrameworks/Symptoms.framework/Versions/A/Frameworks/SymptomAnalytics.framework/Versions/A/SymptomAnalytics
0x000000019afb6000 	/usr/lib/libnetworkextension.dylib
0x00000001d490a000 	/System/Library/Frameworks/CryptoKit.framework/Versions/A/CryptoKit
0x000000019f727000 	/System/Library/PrivateFrameworks/CryptoKitCBridging.framework/Versions/A/CryptoKitCBridging
0x000000019cf8b000 	/System/Library/Frameworks/CryptoTokenKit.framework/Versions/A/CryptoTokenKit
0x00000001c8b9d000 	/usr/lib/swift/libswiftCryptoTokenKit.dylib
0x000000019cfef000 	/System/Library/Frameworks/LocalAuthentication.framework/Versions/A/LocalAuthentication
0x0000000247ab1000 	/System/Library/PrivateFrameworks/LocalAuthenticationCore.framework/Versions/A/LocalAuthenticationCore
0x000000019d045000 	/System/Library/Frameworks/LocalAuthentication.framework/Support/SharedUtils.framework/Versions/A/SharedUtils
0x000000019c018000 	/System/Library/PrivateFrameworks/SymptomDiagnosticReporter.framework/Versions/A/SymptomDiagnosticReporter
0x0000000237500000 	/System/Library/PrivateFrameworks/CryptoKitPrivate.framework/Versions/A/CryptoKitPrivate
0x000000019c43d000 	/System/Library/PrivateFrameworks/GenerationalStorage.framework/Versions/A/GenerationalStorage
0x00000001979a1000 	/System/Library/PrivateFrameworks/CacheDelete.framework/Versions/A/CacheDelete
0x000000019f866000 	/System/Library/Frameworks/QuickLookThumbnailing.framework/Versions/A/QuickLookThumbnailing
0x000000019c26f000 	/System/Library/Frameworks/FileProvider.framework/Versions/A/FileProvider
0x000000018aa37000 	/System/Library/PrivateFrameworks/DesktopServicesPriv.framework/Versions/A/DesktopServicesPriv
0x00000001a2aba000 	/System/Library/PrivateFrameworks/AssistantServices.framework/Versions/A/AssistantServices
0x000000019d218000 	/System/Library/PrivateFrameworks/SAObjects.framework/Versions/A/SAObjects
0x00000001a26f3000 	/System/Library/PrivateFrameworks/MediaRemote.framework/Versions/A/MediaRemote
0x0000000190654000 	/System/Library/Frameworks/CoreLocation.framework/Versions/A/CoreLocation
0x00000001b3b26000 	/System/Library/PrivateFrameworks/SiriInstrumentation.framework/Versions/A/SiriInstrumentation
0x0000000255a81000 	/System/Library/PrivateFrameworks/SiriAnalytics.framework/Versions/A/SiriAnalytics
0x000000025b60c000 	/System/Library/PrivateFrameworks/SiriTTSService.framework/Versions/A/SiriTTSService
0x0000000256439000 	/System/Library/PrivateFrameworks/SiriCrossDeviceArbitration.framework/Versions/A/SiriCrossDeviceArbitration
0x00000001b17c6000 	/System/Library/PrivateFrameworks/FeedbackLogger.framework/Versions/A/FeedbackLogger
0x00000001a07a2000 	/System/Library/PrivateFrameworks/ProactiveSupport.framework/Versions/A/ProactiveSupport
0x00000002308e9000 	/System/Library/PrivateFrameworks/BiomeLibrary.framework/Versions/A/BiomeLibrary
0x00000001bc16e000 	/System/Library/PrivateFrameworks/BiomeStreams.framework/Versions/A/BiomeStreams
0x000000025648d000 	/System/Library/PrivateFrameworks/SiriCrossDeviceArbitrationFeedback.framework/Versions/A/SiriCrossDeviceArbitrationFeedback
0x000000023feea000 	/System/Library/PrivateFrameworks/GenerativeModels.framework/Versions/A/GenerativeModels
0x00000001a732b000 	/System/Library/PrivateFrameworks/MediaServices.framework/Versions/A/MediaServices
0x000000019848a000 	/System/Library/PrivateFrameworks/IDS.framework/Versions/A/IDS
0x00000001951f4000 	/System/Library/PrivateFrameworks/PersistentConnection.framework/Versions/A/PersistentConnection
0x00000001970f5000 	/System/Library/PrivateFrameworks/IMFoundation.framework/Versions/A/IMFoundation
0x00000001a74bf000 	/System/Library/PrivateFrameworks/Marco.framework/Versions/A/Marco
0x0000000198657000 	/System/Library/PrivateFrameworks/IDSFoundation.framework/Versions/A/IDSFoundation
0x000000018cd7c000 	/System/Library/PrivateFrameworks/CommonUtilities.framework/Versions/A/CommonUtilities
0x00000001a40ae000 	/System/Library/PrivateFrameworks/Engram.framework/Versions/A/Engram
0x00000001a404e000 	/usr/lib/libtidy.A.dylib
0x0000000195531000 	/System/Library/PrivateFrameworks/Bom.framework/Versions/A/Bom
0x00000001974fc000 	/usr/lib/libParallelCompression.dylib
0x00000001bbc59000 	/System/Library/PrivateFrameworks/FTAWD.framework/Versions/A/FTAWD
0x0000000199083000 	/System/Library/PrivateFrameworks/GeoServices.framework/Versions/A/GeoServices
0x000000019716f000 	/System/Library/PrivateFrameworks/LocationSupport.framework/Versions/A/LocationSupport
0x0000000240112000 	/System/Library/PrivateFrameworks/GeoServicesCore.framework/Versions/A/GeoServicesCore
0x00000001a7ee5000 	/System/Library/PrivateFrameworks/PhoneNumbers.framework/Versions/A/PhoneNumbers
0x0000000237a08000 	/System/Library/PrivateFrameworks/Dendrite.framework/Versions/A/Dendrite
0x0000000230262000 	/System/Library/PrivateFrameworks/AtomicsInternal.framework/Versions/A/AtomicsInternal
0x00000001c257f000 	/System/Library/PrivateFrameworks/BiomeStorage.framework/Versions/A/BiomeStorage
0x00000002460d6000 	/System/Library/PrivateFrameworks/IntelligencePlatformLibrary.framework/Versions/A/IntelligencePlatformLibrary
0x0000000252218000 	/System/Library/PrivateFrameworks/PoirotSchematizer.framework/Versions/A/PoirotSchematizer
0x0000000230f83000 	/System/Library/PrivateFrameworks/BiomeSync.framework/Versions/A/BiomeSync
0x00000002308ca000 	/System/Library/PrivateFrameworks/BiomeFlexibleStorage.framework/Versions/A/BiomeFlexibleStorage
0x00000001b8b72000 	/System/Library/PrivateFrameworks/BiomeFoundation.framework/Versions/A/BiomeFoundation
0x00000002308ae000 	/System/Library/PrivateFrameworks/BiomeDSL.framework/Versions/A/BiomeDSL
0x00000001c2522000 	/System/Library/PrivateFrameworks/BiomePubSub.framework/Versions/A/BiomePubSub
0x0000000252285000 	/System/Library/PrivateFrameworks/PoirotUDFs.framework/Versions/A/PoirotUDFs
0x00000002521e7000 	/System/Library/PrivateFrameworks/PoirotSQLite.framework/Versions/A/PoirotSQLite
0x000000019f22f000 	/System/Library/PrivateFrameworks/InternationalTextSearch.framework/Versions/A/InternationalTextSearch
0x0000000232461000 	/System/Library/PrivateFrameworks/CascadeSets.framework/Versions/A/CascadeSets
0x00000001b56c2000 	/usr/lib/libtailspin.dylib
0x00000001c869b000 	/System/Library/PrivateFrameworks/Osprey.framework/Versions/A/Osprey
0x000000025ac8c000 	/System/Library/PrivateFrameworks/SiriTTS.framework/Versions/A/SiriTTS
0x00000001ae3fc000 	/System/Library/Frameworks/NaturalLanguage.framework/Versions/A/NaturalLanguage
0x00000002599cf000 	/System/Library/PrivateFrameworks/SiriPowerInstrumentation.framework/Versions/A/SiriPowerInstrumentation
0x00000001af21e000 	/System/Library/PrivateFrameworks/Trial.framework/Versions/A/Trial
0x00000001af1a0000 	/System/Library/PrivateFrameworks/TrialProto.framework/Versions/A/TrialProto
0x0000000262745000 	/System/Library/PrivateFrameworks/UnifiedAssetFramework.framework/Versions/A/UnifiedAssetFramework
0x00000001ca645000 	/usr/lib/swift/libswiftAVFoundation.dylib
0x00000001b48c8000 	/usr/lib/swift/libswiftCoreMIDI.dylib
0x00000001c8b9f000 	/usr/lib/swift/libswiftCoreMedia.dylib
0x00000001d9550000 	/usr/lib/swift/libswiftNaturalLanguage.dylib
0x000000025e584000 	/System/Library/PrivateFrameworks/TailspinSymbolication.framework/Versions/A/TailspinSymbolication
0x0000000237717000 	/System/Library/PrivateFrameworks/Darwinup.framework/Versions/A/Darwinup
0x00000001c149d000 	/System/Library/PrivateFrameworks/SignpostSupport.framework/Versions/A/SignpostSupport
0x00000001ae2c5000 	/System/Library/PrivateFrameworks/FeatureFlagsSupport.framework/Versions/A/FeatureFlagsSupport
0x00000001c0c01000 	/System/Library/PrivateFrameworks/ktrace.framework/Versions/A/ktrace
0x00000001c171d000 	/System/Library/PrivateFrameworks/SampleAnalysis.framework/Versions/A/SampleAnalysis
0x00000001c9f0e000 	/System/Library/PrivateFrameworks/kperfdata.framework/Versions/A/kperfdata
0x0000000198f64000 	/usr/lib/libdscsym.dylib
0x00000001ca3a3000 	/System/Library/PrivateFrameworks/BulkSymbolication.framework/Versions/A/BulkSymbolication
0x000000019f8b2000 	/System/Library/PrivateFrameworks/Espresso.framework/Versions/A/Espresso
0x000000018f2fe000 	/System/Library/Frameworks/CoreML.framework/Versions/A/CoreML
0x00000001d782d000 	/usr/lib/libedit.3.dylib
0x00000001e339d000 	/System/Library/PrivateFrameworks/ANECompiler.framework/Versions/A/ANECompiler
0x00000001a18ba000 	/System/Library/PrivateFrameworks/AppleNeuralEngine.framework/Versions/A/AppleNeuralEngine
0x00000001e9631000 	/System/Library/Frameworks/MetalPerformanceShadersGraph.framework/Versions/A/MetalPerformanceShadersGraph
0x00000002485a4000 	/System/Library/PrivateFrameworks/MLCompilerServices.framework/Versions/A/MLCompilerServices
0x00000001a0774000 	/System/Library/PrivateFrameworks/ANEServices.framework/Versions/A/ANEServices
0x00000001b3445000 	/usr/lib/libncurses.5.4.dylib
0x0000000189382000 	/usr/lib/libsandbox.1.dylib
0x0000000194f89000 	/usr/lib/libMatch.1.dylib
0x0000000248548000 	/System/Library/PrivateFrameworks/MLCompilerRuntime.framework/Versions/A/MLCompilerRuntime
0x0000000192d66000 	/System/Library/Frameworks/MLCompute.framework/Versions/A/MLCompute
0x00000002483f7000 	/System/Library/PrivateFrameworks/MLAssetIO.framework/Versions/A/MLAssetIO
0x000000026e09b000 	/usr/lib/swift/libswiftMLCompute.dylib
0x000000019cb7e000 	/System/Library/PrivateFrameworks/AVFCore.framework/Versions/A/AVFCore
0x00000001a5c1a000 	/System/Library/PrivateFrameworks/AVFCapture.framework/Versions/A/AVFCapture
0x0000000231b77000 	/System/Library/PrivateFrameworks/CMImaging.framework/Versions/A/CMImaging
0x00000001a5e32000 	/System/Library/PrivateFrameworks/Quagga.framework/Versions/A/Quagga
0x00000001a5f65000 	/System/Library/PrivateFrameworks/CMCapture.framework/Versions/A/CMCapture
0x00000001975d0000 	/System/Library/Frameworks/CoreMediaIO.framework/Versions/A/CoreMediaIO
0x0000000231aad000 	/System/Library/PrivateFrameworks/CMCaptureDevice.framework/Versions/A/CMCaptureDevice
0x000000023289c000 	/System/Library/PrivateFrameworks/CinematicFraming.framework/Versions/A/CinematicFraming
0x00000001ad3ea000 	/System/Library/Frameworks/CoreMotion.framework/Versions/A/CoreMotion
0x00000001bc0f0000 	/System/Library/PrivateFrameworks/TimeSync.framework/Versions/A/TimeSync
0x0000000237f96000 	/System/Library/PrivateFrameworks/DistributedSensing.framework/Versions/A/DistributedSensing
0x00000001b7fc9000 	/System/Library/PrivateFrameworks/MobileBluetooth.framework/Versions/A/MobileBluetooth
0x00000001bdc46000 	/System/Library/PrivateFrameworks/IOKitten.framework/Versions/A/IOKitten
0x000000018784f000 	/System/Library/PrivateFrameworks/LanguageModeling.framework/Versions/A/LanguageModeling
0x000000018c3be000 	/System/Library/PrivateFrameworks/Montreal.framework/Versions/A/Montreal
0x000000019368d000 	/usr/lib/libcmph.dylib
0x000000023ffad000 	/System/Library/PrivateFrameworks/GenerativeModelsFoundation.framework/Versions/A/GenerativeModelsFoundation
0x0000000260b0f000 	/System/Library/PrivateFrameworks/TokenGeneration.framework/Versions/A/TokenGeneration
0x000000023fd81000 	/System/Library/PrivateFrameworks/GenerativeFunctions.framework/Versions/A/GenerativeFunctions
0x000000023fdd2000 	/System/Library/PrivateFrameworks/GenerativeFunctionsFoundation.framework/Versions/A/GenerativeFunctionsFoundation
0x000000024b348000 	/System/Library/PrivateFrameworks/ModelCatalog.framework/Versions/A/ModelCatalog
0x0000000255381000 	/System/Library/PrivateFrameworks/SensitiveContentAnalysisML.framework/Versions/A/SensitiveContentAnalysisML
0x000000023fe81000 	/System/Library/PrivateFrameworks/GenerativeFunctionsInstrumentation.framework/Versions/A/GenerativeFunctionsInstrumentation
0x00000002532a6000 	/System/Library/PrivateFrameworks/PromptKit.framework/Versions/A/PromptKit
0x0000000252dd2000 	/System/Library/PrivateFrameworks/ProactiveDaemonSupport.framework/Versions/A/ProactiveDaemonSupport
0x0000000260cc6000 	/System/Library/PrivateFrameworks/TokenGenerationCore.framework/Versions/A/TokenGenerationCore
0x0000000263dbb000 	/System/Library/PrivateFrameworks/VectorSearch.framework/Versions/A/VectorSearch
0x000000024b606000 	/System/Library/PrivateFrameworks/ModelManagerServices.framework/Versions/A/ModelManagerServices
0x000000022ef86000 	/System/Library/PrivateFrameworks/AppleFlatBuffers.framework/Versions/A/AppleFlatBuffers
0x000000019f2fa000 	/System/Library/PrivateFrameworks/AppleAccount.framework/Versions/A/AppleAccount
0x00000001a78d4000 	/System/Library/PrivateFrameworks/ProactiveEventTracker.framework/Versions/A/ProactiveEventTracker
0x000000022bb8a000 	/System/Library/PrivateFrameworks/AAAFoundation.framework/Versions/A/AAAFoundation
0x000000018edfc000 	/System/Library/PrivateFrameworks/ApplePushService.framework/Versions/A/ApplePushService
0x000000019315e000 	/System/Library/PrivateFrameworks/AuthKit.framework/Versions/A/AuthKit
0x000000022bba6000 	/System/Library/PrivateFrameworks/AAAFoundationSwift.framework/Versions/A/AAAFoundationSwift
0x000000019f54f000 	/System/Library/PrivateFrameworks/AppleIDSSOAuthentication.framework/Versions/A/AppleIDSSOAuthentication
0x00000001bb3e7000 	/usr/lib/swift/libswiftCompression.dylib
0x00000001c3aee000 	/System/Library/PrivateFrameworks/DeviceIdentity.framework/Versions/A/DeviceIdentity
0x00000001974ee000 	/System/Library/PrivateFrameworks/MultiverseSupport.framework/Versions/A/MultiverseSupport
0x000000019c14b000 	/System/Library/PrivateFrameworks/DiskManagement.framework/Versions/A/DiskManagement
0x000000019c057000 	/System/Library/PrivateFrameworks/AppleIDAuthSupport.framework/Versions/A/AppleIDAuthSupport
0x00000001979ed000 	/System/Library/PrivateFrameworks/KeychainCircle.framework/Versions/A/KeychainCircle
0x00000001a7ee7000 	/System/Library/PrivateFrameworks/URLFormatting.framework/Versions/A/URLFormatting
0x000000019ee93000 	/usr/lib/libcsfde.dylib
0x0000000194f91000 	/usr/lib/libCoreStorage.dylib
0x0000000198daa000 	/System/Library/PrivateFrameworks/ProtectedCloudStorage.framework/Versions/A/ProtectedCloudStorage
0x000000019ee8e000 	/System/Library/PrivateFrameworks/EFILogin.framework/Versions/A/EFILogin
0x00000001a7190000 	/System/Library/PrivateFrameworks/CloudServices.framework/Versions/A/CloudServices
0x000000019c464000 	/System/Library/PrivateFrameworks/OctagonTrust.framework/Versions/A/OctagonTrust
0x000000025550c000 	/System/Library/PrivateFrameworks/SentencePieceInternal.framework/Versions/A/SentencePieceInternal
0x000000019b3e4000 	/System/Library/Frameworks/Vision.framework/Versions/A/Vision
0x000000023716c000 	/System/Library/PrivateFrameworks/CoreSceneUnderstanding.framework/Versions/A/CoreSceneUnderstanding
0x0000000264945000 	/System/Library/PrivateFrameworks/VisionCore.framework/Versions/A/VisionCore
0x00000001b6fc2000 	/System/Library/Frameworks/Vision.framework/libfaceCore.dylib
0x00000001b7abc000 	/System/Library/PrivateFrameworks/Futhark.framework/Versions/A/Futhark
0x00000001bb1af000 	/System/Library/PrivateFrameworks/InertiaCam.framework/Versions/A/InertiaCam
0x00000001b786f000 	/System/Library/PrivateFrameworks/TextRecognition.framework/Versions/A/TextRecognition
0x0000000194e27000 	/System/Library/PrivateFrameworks/CVNLP.framework/Versions/A/CVNLP
0x000000023eb0e000 	/System/Library/PrivateFrameworks/GRDBInternal.framework/Versions/A/GRDBInternal
0x00000001b48b2000 	/usr/lib/swift/libswiftCoreLocation.dylib
0x00000001988eb000 	/System/Library/PrivateFrameworks/Sharing.framework/Versions/A/Sharing
0x000000019e853000 	/System/Library/PrivateFrameworks/Apple80211.framework/Versions/A/Apple80211
0x0000000192724000 	/System/Library/Frameworks/CoreWLAN.framework/Versions/A/CoreWLAN
0x00000001ad9ec000 	/System/Library/PrivateFrameworks/FindMyDevice.framework/Versions/A/FindMyDevice
0x00000001a31c4000 	/System/Library/PrivateFrameworks/FMCoreLite.framework/Versions/A/FMCoreLite
0x000000018aca2000 	/System/Library/PrivateFrameworks/CoreDuet.framework/Versions/A/CoreDuet
0x000000019e1ad000 	/System/Library/PrivateFrameworks/CoreDuetContext.framework/Versions/A/CoreDuetContext
0x000000018ee64000 	/System/Library/Frameworks/CloudKit.framework/Versions/A/CloudKit
0x000000019e203000 	/System/Library/Frameworks/Intents.framework/Versions/A/Intents
0x00000001a091c000 	/System/Library/PrivateFrameworks/CoreDuetDaemonProtocol.framework/Versions/A/CoreDuetDaemonProtocol
0x00000001ebe61000 	/System/Library/Frameworks/SharedWithYouCore.framework/Versions/A/SharedWithYouCore
0x000000019f80c000 	/System/Library/PrivateFrameworks/C2.framework/Versions/A/C2
0x0000000232c49000 	/System/Library/PrivateFrameworks/CloudAssets.framework/Versions/A/CloudAssets
0x000000019f803000 	/System/Library/Frameworks/PushKit.framework/Versions/A/PushKit
0x00000001a1628000 	/System/Library/PrivateFrameworks/RTCReporting.framework/Versions/A/RTCReporting
0x000000019f7f2000 	/System/Library/PrivateFrameworks/IntentsFoundation.framework/Versions/A/IntentsFoundation
0x0000000198213000 	/System/Library/Frameworks/NetworkExtension.framework/Versions/A/NetworkExtension
0x00000001b2fc6000 	/System/Library/PrivateFrameworks/CaptiveNetwork.framework/Versions/A/CaptiveNetwork
0x000000019ed9f000 	/System/Library/PrivateFrameworks/EAP8021X.framework/Versions/A/EAP8021X
0x00000001c16e9000 	/System/Library/PrivateFrameworks/UIKitServices.framework/Versions/A/UIKitServices
0x000000014eb00000 	/System/Library/Extensions/AGXMetalG14G.bundle/Contents/MacOS/AGXMetalG14G
0x00000001a71dd000 	/System/Library/PrivateFrameworks/IOGPU.framework/Versions/A/IOGPU
0x000000012e590000 	/Library/Java/JavaVirtualMachines/jdk-25.jdk/Contents/Home/lib/libosxui.dylib
0x00000001c1873000 	/System/Library/PrivateFrameworks/AccessibilitySupport.framework/Versions/A/Frameworks/AccessibilityFoundation.framework/Versions/A/AccessibilityFoundation
0x000000025eb3d000 	/System/Library/PrivateFrameworks/TextInputUI.framework/Versions/A/TextInputUI
0x000000025eb61000 	/System/Library/PrivateFrameworks/TextInputUIMacHelper.framework/Versions/A/TextInputUIMacHelper
0x00000002549a1000 	/System/Library/PrivateFrameworks/Sage.framework/Versions/A/Sage

JVMTI agents:
/Applications/IntelliJ IDEA.app/Contents/lib/idea_rt.jar path:none, loaded, initialized, instrumentlib options:52032


VM Arguments:
jvm_args: -javaagent:/Applications/IntelliJ IDEA.app/Contents/lib/idea_rt.jar=52032 -Dfile.encoding=UTF-8 -Dsun.stdout.encoding=UTF-8 -Dsun.stderr.encoding=UTF-8 
java_command: main.Main
java_class_path (initial): /Users/macbookairm2/IdeaProjects/MMODT-GUI/out/production/MMODT
Launcher Type: SUN_STANDARD

[Global flags]
     intx CICompilerCount                          = 4                                         {product} {ergonomic}
     uint ConcGCThreads                            = 2                                         {product} {ergonomic}
     uint G1ConcRefinementThreads                  = 8                                         {product} {ergonomic}
   size_t G1HeapRegionSize                         = 1048576                                   {product} {ergonomic}
   size_t InitialHeapSize                          = 134217728                                 {product} {ergonomic}
   size_t MarkStackSize                            = 4194304                                   {product} {ergonomic}
   size_t MarkStackSizeMax                         = 536870912                                 {product} {ergonomic}
   size_t MaxHeapSize                              = 2147483648                                {product} {ergonomic}
   size_t MaxNewSize                               = 1287651328                                {product} {ergonomic}
   size_t MinHeapDeltaBytes                        = 1048576                                   {product} {ergonomic}
   size_t MinHeapSize                              = 8388608                                   {product} {ergonomic}
    uintx NonNMethodCodeHeapSize                   = 5832704                                {pd product} {ergonomic}
    uintx NonProfiledCodeHeapSize                  = 122929152                              {pd product} {ergonomic}
    uintx ProfiledCodeHeapSize                     = 122896384                              {pd product} {ergonomic}
    uintx ReservedCodeCacheSize                    = 251658240                              {pd product} {ergonomic}
     bool SegmentedCodeCache                       = true                                      {product} {ergonomic}
   size_t SoftMaxHeapSize                          = 2147483648                             {manageable} {ergonomic}
     bool UseCompressedOops                        = true                           {product lp64_product} {ergonomic}
     bool UseG1GC                                  = true                                      {product} {ergonomic}
     bool UseNUMA                                  = false                                     {product} {ergonomic}
     bool UseNUMAInterleaving                      = false                                     {product} {ergonomic}

Logging:
Log output configuration:
 #0: stdout all=warning uptime,level,tags foldmultilines=false
 #1: stderr all=off uptime,level,tags foldmultilines=false

Release file:
IMPLEMENTOR="Oracle Corporation"
JAVA_RUNTIME_VERSION="25+37-LTS-3491"
JAVA_VERSION="25"
JAVA_VERSION_DATE="2025-09-16"
LIBC="default"
MODULES="java.base java.compiler java.datatransfer java.xml java.prefs java.desktop java.instrument java.logging java.management java.security.sasl java.naming java.rmi java.management.rmi java.net.http java.scripting java.security.jgss java.transaction.xa java.sql java.sql.rowset java.xml.crypto java.se java.smartcardio jdk.accessibility jdk.internal.jvmstat jdk.attach jdk.charsets jdk.internal.opt jdk.zipfs jdk.compiler jdk.crypto.cryptoki jdk.crypto.ec jdk.dynalink jdk.internal.ed jdk.editpad jdk.internal.vm.ci jdk.graal.compiler jdk.graal.compiler.management jdk.hotspot.agent jdk.httpserver jdk.incubator.vector jdk.internal.le jdk.internal.md jdk.jartool jdk.javadoc jdk.jcmd jdk.management jdk.management.agent jdk.jconsole jdk.jdeps jdk.jdwp.agent jdk.jdi jdk.jfr jdk.jlink jdk.jpackage jdk.jshell jdk.jsobject jdk.jstatd jdk.localedata jdk.management.jfr jdk.naming.dns jdk.naming.rmi jdk.net jdk.nio.mapmode jdk.sctp jdk.security.auth jdk.security.jgss jdk.unsupported jdk.unsupported.desktop jdk.xml.dom"
OS_ARCH="aarch64"
OS_NAME="Darwin"
SOURCE=".:git:49d6a23b8806 open:git:6c48f4ed707b"

Environment Variables:
PATH=/opt/homebrew/bin:/opt/homebrew/sbin:/Library/Frameworks/Python.framework/Versions/3.14/bin:/opt/local/bin:/opt/local/sbin:/usr/local/bin:/System/Cryptexes/App/usr/bin:/usr/bin:/bin:/usr/sbin:/sbin:/var/run/com.apple.security.cryptexd/codex.system/bootstrap/usr/local/bin:/var/run/com.apple.security.cryptexd/codex.system/bootstrap/usr/bin:/var/run/com.apple.security.cryptexd/codex.system/bootstrap/usr/appleinternal/bin:/Library/Apple/usr/bin
SHELL=/bin/zsh
LC_CTYPE=en_PH.UTF-8
TMPDIR=/var/folders/x4/hv78clmx5s1c0_y75fh2zhpw0000gn/T/

Active Locale:
LC_ALL=C/en_PH.UTF-8/C/C/C/C
LC_COLLATE=C
LC_CTYPE=en_PH.UTF-8
LC_MESSAGES=C
LC_MONETARY=C
LC_NUMERIC=C
LC_TIME=C

Signal Handlers:
   SIGSEGV: crash_handler in libjvm.dylib, mask=11100110000111110111111111111111, flags=SA_ONSTACK|SA_RESTART|SA_SIGINFO, unblocked
    SIGBUS: crash_handler in libjvm.dylib, mask=11100110000111110111111111111111, flags=SA_RESTART|SA_SIGINFO, unblocked
    SIGFPE: crash_handler in libjvm.dylib, mask=11100110000111110111111111111111, flags=SA_RESTART|SA_SIGINFO, unblocked
   SIGPIPE: javaSignalHandler in libjvm.dylib, mask=11100110000111110111111111111111, flags=SA_RESTART|SA_SIGINFO, blocked
   SIGXFSZ: javaSignalHandler in libjvm.dylib, mask=11100110000111110111111111111111, flags=SA_RESTART|SA_SIGINFO, blocked
    SIGILL: crash_handler in libjvm.dylib, mask=11100110000111110111111111111111, flags=SA_RESTART|SA_SIGINFO, unblocked
   SIGUSR2: SR_handler in libjvm.dylib, mask=00000000000000000000000000000000, flags=SA_RESTART|SA_SIGINFO, blocked
    SIGHUP: UserHandler in libjvm.dylib, mask=11100110000111110111111111111111, flags=SA_RESTART|SA_SIGINFO, blocked
    SIGINT: UserHandler in libjvm.dylib, mask=11100110000111110111111111111111, flags=SA_RESTART|SA_SIGINFO, blocked
   SIGTERM: UserHandler in libjvm.dylib, mask=11100110000111110111111111111111, flags=SA_RESTART|SA_SIGINFO, blocked
   SIGQUIT: UserHandler in libjvm.dylib, mask=11100110000111110111111111111111, flags=SA_RESTART|SA_SIGINFO, blocked
   SIGTRAP: crash_handler in libjvm.dylib, mask=11100110000111110111111111111111, flags=SA_RESTART|SA_SIGINFO, unblocked


Compilation memory statistics disabled.

Periodic native trim disabled

---------------  S Y S T E M  ---------------

OS:
uname: Darwin 24.5.0 Darwin Kernel Version 24.5.0: Tue Apr 22 19:54:26 PDT 2025; root:xnu-11417.121.6~2/RELEASE_ARM64_T8112 arm64
OS uptime: 5 days 4:52 hours
rlimit (soft/hard): STACK 8176k/65520k , CORE 0k/infinity , NPROC 1333/2000 , NOFILE 1048576/infinity , AS infinity/infinity , CPU infinity/infinity , DATA infinity/infinity , FSIZE infinity/infinity , MEMLOCK infinity/infinity , RSS infinity/infinity
load average: 2.26 3.34 4.59

CPU: total 8 (initial active 8) 0x61:0x0:0xda33d83d:0, fp, asimd, aes, pmull, sha1, sha256, crc32, lse, sha3, sha512
machdep.cpu.brand_string:Apple M2
hw.cachelinesize:128
hw.l1icachesize:131072
hw.l1dcachesize:65536
hw.l2cachesize:4194304

Memory: 16k page, physical 8388608k(98160k free), swap 11534336k(1480896k free)

vm_info: Java HotSpot(TM) 64-Bit Server VM (25+37-LTS-3491) for bsd-aarch64 JRE (25+37-LTS-3491), built on 2025-08-14T21:13:00Z with clang Apple LLVM 15.0.0 (clang-1500.3.9.4)

END.
